[12:57:19] === scale 1: ensuring mappers
team maps now: 1
[12:57:23] === cell scale1-off: setting toggle
all team maps already revoke=False
first scale=1 toggle=off c=1 perf-match-few #0: logged_in post=1397.6ms landing=2519.3ms 
first scale=1 toggle=off c=1 perf-match-many #0: logged_in post=1523.0ms landing=2522.3ms 
first scale=1 toggle=off c=1 perf-nomatch #0: logged_in post=1596.0ms landing=2714.5ms 
steady scale=1 toggle=off c=1 perf-match-few #0: logged_in post=1308.9ms landing=2314.5ms 
steady scale=1 toggle=off c=1 perf-match-many #0: logged_in post=1382.4ms landing=2350.0ms 
steady scale=1 toggle=off c=1 perf-nomatch #0: logged_in post=1475.7ms landing=2508.9ms 
steady scale=1 toggle=off c=1 perf-match-few #1: logged_in post=1212.4ms landing=2182.6ms 
steady scale=1 toggle=off c=1 perf-match-many #1: logged_in post=1396.5ms landing=2478.6ms 
steady scale=1 toggle=off c=1 perf-nomatch #1: logged_in post=1210.9ms landing=2204.7ms 
steady scale=1 toggle=off c=1 perf-match-few #2: logged_in post=1221.4ms landing=2220.3ms 
steady scale=1 toggle=off c=1 perf-match-many #2: logged_in post=1508.8ms landing=2516.4ms 
steady scale=1 toggle=off c=1 perf-nomatch #2: logged_in post=1337.9ms landing=2291.2ms 
steady scale=1 toggle=off c=1 perf-match-few #3: logged_in post=1442.0ms landing=2499.4ms 
steady scale=1 toggle=off c=1 perf-match-many #3: logged_in post=1379.5ms landing=2416.7ms 
steady scale=1 toggle=off c=1 perf-nomatch #3: logged_in post=1352.2ms landing=2401.4ms 
steady scale=1 toggle=off c=1 perf-match-few #4: logged_in post=1351.2ms landing=2484.5ms 
steady scale=1 toggle=off c=1 perf-match-many #4: logged_in post=1237.8ms landing=2154.1ms 
steady scale=1 toggle=off c=1 perf-nomatch #4: logged_in post=1221.1ms landing=2265.4ms 
steady scale=1 toggle=off c=1 perf-match-few #5: logged_in post=1272.9ms landing=2310.5ms 
steady scale=1 toggle=off c=1 perf-match-many #5: logged_in post=1502.5ms landing=2549.0ms 
steady scale=1 toggle=off c=1 perf-nomatch #5: logged_in post=1345.9ms landing=2420.5ms 
steady scale=1 toggle=off c=1 perf-match-few #6: logged_in post=1385.2ms landing=2402.8ms 
steady scale=1 toggle=off c=1 perf-match-many #6: logged_in post=1223.7ms landing=2121.7ms 
steady scale=1 toggle=off c=1 perf-nomatch #6: logged_in post=1224.8ms landing=2222.3ms 
steady scale=1 toggle=off c=1 perf-match-few #7: logged_in post=1440.0ms landing=2420.7ms 
steady scale=1 toggle=off c=1 perf-match-many #7: logged_in post=1394.2ms landing=2398.1ms 
steady scale=1 toggle=off c=1 perf-nomatch #7: logged_in post=1425.9ms landing=2663.7ms 
steady scale=1 toggle=off c=1 perf-match-few #8: logged_in post=1303.4ms landing=2328.6ms 
steady scale=1 toggle=off c=1 perf-match-many #8: logged_in post=1387.2ms landing=2371.1ms 
steady scale=1 toggle=off c=1 perf-nomatch #8: logged_in post=1322.5ms landing=2408.4ms 
steady scale=1 toggle=off c=1 perf-match-few #9: logged_in post=1473.4ms landing=2689.1ms 
steady scale=1 toggle=off c=1 perf-match-many #9: logged_in post=1336.2ms landing=2355.9ms 
steady scale=1 toggle=off c=1 perf-nomatch #9: logged_in post=1460.1ms landing=2559.1ms 
steady scale=1 toggle=off c=1 perf-match-few #10: logged_in post=1280.2ms landing=2493.2ms 
steady scale=1 toggle=off c=1 perf-match-many #10: logged_in post=1395.7ms landing=2351.6ms 
steady scale=1 toggle=off c=1 perf-nomatch #10: logged_in post=1210.4ms landing=2289.7ms 
steady scale=1 toggle=off c=1 perf-match-few #11: logged_in post=1348.6ms landing=2324.3ms 
steady scale=1 toggle=off c=1 perf-match-many #11: logged_in post=1358.5ms landing=2361.3ms 
steady scale=1 toggle=off c=1 perf-nomatch #11: logged_in post=1178.9ms landing=2235.4ms 
steady scale=1 toggle=off c=1 perf-match-few #12: logged_in post=1200.5ms landing=2272.9ms 
steady scale=1 toggle=off c=1 perf-match-many #12: logged_in post=1691.6ms landing=2723.6ms 
steady scale=1 toggle=off c=1 perf-nomatch #12: logged_in post=1422.3ms landing=2542.4ms 
steady scale=1 toggle=off c=1 perf-match-few #13: logged_in post=1377.7ms landing=2356.4ms 
steady scale=1 toggle=off c=1 perf-match-many #13: logged_in post=1313.7ms landing=2266.6ms 
steady scale=1 toggle=off c=1 perf-nomatch #13: logged_in post=1393.7ms landing=2437.6ms 
steady scale=1 toggle=off c=1 perf-match-few #14: logged_in post=1562.9ms landing=2613.1ms 
steady scale=1 toggle=off c=1 perf-match-many #14: logged_in post=1353.7ms landing=2335.3ms 
steady scale=1 toggle=off c=1 perf-nomatch #14: logged_in post=1129.9ms landing=2181.6ms 
steady scale=1 toggle=off c=1 perf-match-few #15: logged_in post=1239.2ms landing=2203.5ms 
steady scale=1 toggle=off c=1 perf-match-many #15: logged_in post=1506.3ms landing=2511.2ms 
steady scale=1 toggle=off c=1 perf-nomatch #15: logged_in post=1289.7ms landing=2336.3ms 
steady scale=1 toggle=off c=1 perf-match-few #16: logged_in post=1217.4ms landing=2224.9ms 
steady scale=1 toggle=off c=1 perf-match-many #16: logged_in post=1354.8ms landing=2406.6ms 
steady scale=1 toggle=off c=1 perf-nomatch #16: logged_in post=1369.0ms landing=2447.6ms 
steady scale=1 toggle=off c=1 perf-match-few #17: logged_in post=1226.9ms landing=2269.3ms 
steady scale=1 toggle=off c=1 perf-match-many #17: logged_in post=1383.2ms landing=2432.2ms 
steady scale=1 toggle=off c=1 perf-nomatch #17: logged_in post=1261.2ms landing=2289.7ms 
steady scale=1 toggle=off c=1 perf-match-few #18: logged_in post=1334.1ms landing=2247.9ms 
steady scale=1 toggle=off c=1 perf-match-many #18: logged_in post=1359.2ms landing=2347.1ms 
steady scale=1 toggle=off c=1 perf-nomatch #18: logged_in post=1293.7ms landing=2465.7ms 
steady scale=1 toggle=off c=1 perf-match-few #19: logged_in post=1283.9ms landing=2281.0ms 
steady scale=1 toggle=off c=1 perf-match-many #19: logged_in post=1196.5ms landing=2087.8ms 
steady scale=1 toggle=off c=1 perf-nomatch #19: logged_in post=1257.4ms landing=2260.6ms 
pool-first scale=1 toggle=off c=1 perf-user-01 #0: logged_in post=1462.7ms landing=2531.9ms 
pool-first scale=1 toggle=off c=1 perf-user-02 #0: logged_in post=1321.3ms landing=2345.4ms 
pool-first scale=1 toggle=off c=1 perf-user-03 #0: logged_in post=1358.1ms landing=2436.7ms 
pool-first scale=1 toggle=off c=1 perf-user-04 #0: logged_in post=1276.1ms landing=2380.5ms 
pool-first scale=1 toggle=off c=1 perf-user-05 #0: logged_in post=1256.2ms landing=2283.2ms 
pool-first scale=1 toggle=off c=1 perf-user-06 #0: logged_in post=1312.8ms landing=2459.0ms 
pool-first scale=1 toggle=off c=1 perf-user-07 #0: logged_in post=1282.3ms landing=2339.1ms 
pool-first scale=1 toggle=off c=1 perf-user-08 #0: logged_in post=1153.4ms landing=2135.0ms 
pool-first scale=1 toggle=off c=1 perf-user-09 #0: logged_in post=1312.4ms landing=2354.8ms 
pool-first scale=1 toggle=off c=1 perf-user-10 #0: logged_in post=1325.9ms landing=2370.0ms 
pool-first scale=1 toggle=off c=1 perf-user-11 #0: logged_in post=1280.4ms landing=2370.1ms 
pool-first scale=1 toggle=off c=1 perf-user-12 #0: logged_in post=1396.8ms landing=2952.8ms 
pool-first scale=1 toggle=off c=1 perf-user-13 #0: logged_in post=1237.6ms landing=2279.1ms 
pool-first scale=1 toggle=off c=1 perf-user-14 #0: logged_in post=1381.5ms landing=2808.8ms 
pool-first scale=1 toggle=off c=1 perf-user-15 #0: logged_in post=1508.8ms landing=2563.6ms 
pool-first scale=1 toggle=off c=1 perf-user-16 #0: logged_in post=1377.9ms landing=2438.3ms 
pool-first scale=1 toggle=off c=1 perf-user-17 #0: logged_in post=1315.9ms landing=2358.9ms 
pool-first scale=1 toggle=off c=1 perf-user-18 #0: logged_in post=1473.1ms landing=2570.3ms 
pool-first scale=1 toggle=off c=1 perf-user-19 #0: logged_in post=1193.5ms landing=2183.9ms 
pool-first scale=1 toggle=off c=1 perf-user-20 #0: logged_in post=1336.2ms landing=2515.5ms 
pool-first scale=1 toggle=off c=1 perf-user-21 #0: logged_in post=1616.5ms landing=2685.8ms 
pool-first scale=1 toggle=off c=1 perf-user-22 #0: logged_in post=1488.8ms landing=2539.1ms 
pool-first scale=1 toggle=off c=1 perf-user-23 #0: logged_in post=1350.2ms landing=2756.4ms 
pool-first scale=1 toggle=off c=1 perf-user-24 #0: logged_in post=1224.4ms landing=2283.4ms 
pool-first scale=1 toggle=off c=1 perf-user-25 #0: logged_in post=1247.2ms landing=2275.9ms 
concurrent scale=1 toggle=off c=10 perf-user-07 #0: logged_in post=2127.8ms landing=5727.1ms 
concurrent scale=1 toggle=off c=10 perf-user-06 #0: logged_in post=2144.3ms landing=6237.8ms 
concurrent scale=1 toggle=off c=10 perf-user-08 #0: logged_in post=2190.2ms landing=6372.9ms 
concurrent scale=1 toggle=off c=10 perf-user-05 #0: logged_in post=2179.5ms landing=6572.3ms 
concurrent scale=1 toggle=off c=10 perf-user-10 #0: logged_in post=3856.0ms landing=7256.4ms 
concurrent scale=1 toggle=off c=10 perf-user-03 #0: logged_in post=4132.8ms landing=7236.6ms 
concurrent scale=1 toggle=off c=10 perf-user-01 #0: logged_in post=2322.4ms landing=7775.4ms 
concurrent scale=1 toggle=off c=10 perf-user-04 #0: logged_in post=4076.5ms landing=7646.3ms 
concurrent scale=1 toggle=off c=10 perf-user-09 #0: logged_in post=4192.5ms landing=8087.0ms 
concurrent scale=1 toggle=off c=10 perf-user-02 #0: logged_in post=4528.6ms landing=8514.2ms 
concurrent scale=1 toggle=off c=10 perf-user-13 #0: logged_in post=2466.7ms landing=4381.0ms 
concurrent scale=1 toggle=off c=10 perf-user-14 #0: logged_in post=2246.2ms landing=4320.0ms 
concurrent scale=1 toggle=off c=10 perf-user-12 #0: logged_in post=2471.3ms landing=5104.9ms 
concurrent scale=1 toggle=off c=10 perf-user-11 #0: logged_in post=2435.9ms landing=5207.4ms 
concurrent scale=1 toggle=off c=10 perf-user-15 #0: logged_in post=2156.9ms landing=5063.7ms 
concurrent scale=1 toggle=off c=10 perf-user-17 #0: logged_in post=3396.6ms landing=6492.6ms 
concurrent scale=1 toggle=off c=10 perf-user-18 #0: logged_in post=3410.2ms landing=6846.2ms 
concurrent scale=1 toggle=off c=10 perf-user-16 #0: logged_in post=3653.1ms landing=7272.2ms 
concurrent scale=1 toggle=off c=10 perf-user-20 #0: logged_in post=3444.5ms landing=5868.3ms 
concurrent scale=1 toggle=off c=10 perf-user-19 #0: logged_in post=2865.7ms landing=5907.2ms 
concurrent scale=1 toggle=off c=10 perf-user-22 #0: logged_in post=2321.1ms landing=4222.8ms 
concurrent scale=1 toggle=off c=10 perf-user-23 #0: logged_in post=2181.8ms landing=3897.7ms 
concurrent scale=1 toggle=off c=10 perf-user-21 #0: logged_in post=2383.6ms landing=4984.2ms 
concurrent scale=1 toggle=off c=10 perf-user-24 #0: logged_in post=2684.5ms landing=4149.0ms 
concurrent scale=1 toggle=off c=10 perf-user-25 #0: logged_in post=2392.7ms landing=5393.3ms 
concurrent scale=1 toggle=off c=10 perf-user-01 #1: logged_in post=2257.1ms landing=5651.7ms 
concurrent scale=1 toggle=off c=10 perf-user-03 #1: logged_in post=2460.8ms landing=5325.2ms 
concurrent scale=1 toggle=off c=10 perf-user-04 #1: logged_in post=2721.0ms landing=5097.2ms 
concurrent scale=1 toggle=off c=10 perf-user-02 #1: logged_in post=2534.4ms landing=5620.2ms 
concurrent scale=1 toggle=off c=10 perf-user-05 #1: logged_in post=2172.6ms landing=5341.8ms 
concurrent scale=1 toggle=off c=10 perf-user-06 #1: logged_in post=2559.4ms landing=4930.4ms 
concurrent scale=1 toggle=off c=10 perf-user-09 #1: logged_in post=2879.2ms landing=4967.0ms 
concurrent scale=1 toggle=off c=10 perf-user-07 #1: logged_in post=2826.6ms landing=5397.1ms 
concurrent scale=1 toggle=off c=10 perf-user-08 #1: logged_in post=2628.1ms landing=5300.3ms 
concurrent scale=1 toggle=off c=10 perf-user-11 #1: logged_in post=2523.4ms landing=5110.2ms 
concurrent scale=1 toggle=off c=10 perf-user-12 #1: logged_in post=2586.2ms landing=5150.9ms 
concurrent scale=1 toggle=off c=10 perf-user-10 #1: logged_in post=2960.0ms landing=7012.2ms 
concurrent scale=1 toggle=off c=10 perf-user-13 #1: logged_in post=2667.8ms landing=5152.0ms 
concurrent scale=1 toggle=off c=10 perf-user-14 #1: logged_in post=2636.9ms landing=5154.5ms 
concurrent scale=1 toggle=off c=10 perf-user-15 #1: logged_in post=2665.9ms landing=5308.7ms 
concurrent scale=1 toggle=off c=10 perf-user-19 #1: logged_in post=2741.9ms landing=4327.5ms 
concurrent scale=1 toggle=off c=10 perf-user-17 #1: logged_in post=2747.0ms landing=4893.1ms 
concurrent scale=1 toggle=off c=10 perf-user-18 #1: logged_in post=2866.9ms landing=4920.1ms 
concurrent scale=1 toggle=off c=10 perf-user-16 #1: logged_in post=3230.8ms landing=5313.8ms 
concurrent scale=1 toggle=off c=10 perf-user-20 #1: logged_in post=1979.5ms landing=4970.8ms 
concurrent scale=1 toggle=off c=10 perf-user-22 #1: logged_in post=2092.2ms landing=5051.1ms 
concurrent scale=1 toggle=off c=10 perf-user-21 #1: logged_in post=2219.2ms landing=5152.6ms 
concurrent scale=1 toggle=off c=10 perf-user-24 #1: logged_in post=2403.4ms landing=5396.5ms 
concurrent scale=1 toggle=off c=10 perf-user-25 #1: logged_in post=2680.4ms landing=5285.7ms 
concurrent scale=1 toggle=off c=10 perf-user-23 #1: logged_in post=3311.5ms landing=7006.9ms 
concurrent scale=1 toggle=off c=10 perf-user-02 #2: logged_in post=3158.7ms landing=5618.7ms 
concurrent scale=1 toggle=off c=10 perf-user-03 #2: logged_in post=3242.5ms landing=5683.2ms 
concurrent scale=1 toggle=off c=10 perf-user-04 #2: logged_in post=2726.4ms landing=5111.6ms 
concurrent scale=1 toggle=off c=10 perf-user-01 #2: logged_in post=3141.7ms landing=6088.2ms 
concurrent scale=1 toggle=off c=10 perf-user-07 #2: logged_in post=2327.5ms landing=5227.0ms 
concurrent scale=1 toggle=off c=10 perf-user-08 #2: logged_in post=2522.1ms landing=5538.7ms 
concurrent scale=1 toggle=off c=10 perf-user-06 #2: logged_in post=2620.3ms landing=5486.0ms 
concurrent scale=1 toggle=off c=10 perf-user-09 #2: logged_in post=2848.1ms landing=5438.3ms 
concurrent scale=1 toggle=off c=10 perf-user-05 #2: logged_in post=2837.7ms landing=5956.7ms 
concurrent scale=1 toggle=off c=10 perf-user-10 #2: logged_in post=3404.8ms landing=6365.0ms 
concurrent scale=1 toggle=off c=10 perf-user-11 #2: logged_in post=3028.4ms landing=5112.9ms 
concurrent scale=1 toggle=off c=10 perf-user-14 #2: logged_in post=2818.4ms landing=5167.1ms 
concurrent scale=1 toggle=off c=10 perf-user-13 #2: logged_in post=3128.6ms landing=5699.6ms 
concurrent scale=1 toggle=off c=10 perf-user-12 #2: logged_in post=3064.6ms landing=5653.9ms 
concurrent scale=1 toggle=off c=10 perf-user-16 #2: logged_in post=2557.1ms landing=4955.8ms 
concurrent scale=1 toggle=off c=10 perf-user-18 #2: logged_in post=2519.5ms landing=4928.6ms 
concurrent scale=1 toggle=off c=10 perf-user-15 #2: logged_in post=2736.1ms landing=5338.3ms 
concurrent scale=1 toggle=off c=10 perf-user-19 #2: logged_in post=2678.4ms landing=5269.2ms 
concurrent scale=1 toggle=off c=10 perf-user-17 #2: logged_in post=2733.1ms landing=5415.2ms 
concurrent scale=1 toggle=off c=10 perf-user-20 #2: logged_in post=2185.3ms landing=4246.0ms 
concurrent scale=1 toggle=off c=10 perf-user-22 #2: logged_in post=2281.3ms landing=4223.6ms 
concurrent scale=1 toggle=off c=10 perf-user-21 #2: logged_in post=2614.7ms landing=4664.0ms 
concurrent scale=1 toggle=off c=10 perf-user-23 #2: logged_in post=3173.3ms landing=5027.9ms 
concurrent scale=1 toggle=off c=10 perf-user-24 #2: logged_in post=3101.2ms landing=5006.3ms 
concurrent scale=1 toggle=off c=10 perf-user-25 #2: logged_in post=2204.1ms landing=4127.2ms 
concurrent scale=1 toggle=off c=10 perf-user-01 #3: logged_in post=2258.5ms landing=4755.9ms 
concurrent scale=1 toggle=off c=10 perf-user-02 #3: logged_in post=2391.1ms landing=4850.3ms 
concurrent scale=1 toggle=off c=10 perf-user-03 #3: logged_in post=2590.9ms landing=5590.9ms 
concurrent scale=1 toggle=off c=10 perf-user-04 #3: logged_in post=2460.5ms landing=5572.2ms 
concurrent scale=1 toggle=off c=10 perf-user-05 #3: logged_in post=2231.1ms landing=5204.7ms 
concurrent scale=1 toggle=off c=10 perf-user-06 #3: logged_in post=2159.6ms landing=5072.8ms 
concurrent scale=1 toggle=off c=10 perf-user-07 #3: logged_in post=2660.8ms landing=5574.8ms 
concurrent scale=1 toggle=off c=10 perf-user-09 #3: logged_in post=3207.4ms landing=5594.4ms 
concurrent scale=1 toggle=off c=10 perf-user-08 #3: logged_in post=3303.3ms landing=5743.0ms 
concurrent scale=1 toggle=off c=10 perf-user-10 #3: logged_in post=3097.1ms landing=5163.8ms 
concurrent scale=1 toggle=off c=10 perf-user-12 #3: logged_in post=2622.0ms landing=5229.3ms 
concurrent scale=1 toggle=off c=10 perf-user-13 #3: logged_in post=2070.3ms landing=4434.1ms 
concurrent scale=1 toggle=off c=10 perf-user-11 #3: logged_in post=2504.9ms landing=4847.5ms 
concurrent scale=1 toggle=off c=10 perf-user-14 #3: logged_in post=2159.4ms landing=5053.9ms 
concurrent scale=1 toggle=off c=10 perf-user-15 #3: logged_in post=2334.4ms landing=5440.9ms 
concurrent scale=1 toggle=off c=10 perf-user-16 #3: logged_in post=2747.5ms landing=5882.3ms 
concurrent scale=1 toggle=off c=10 perf-user-17 #3: logged_in post=2770.2ms landing=5316.3ms 
concurrent scale=1 toggle=off c=10 perf-user-18 #3: logged_in post=2644.8ms landing=4713.8ms 
concurrent scale=1 toggle=off c=10 perf-user-19 #3: logged_in post=2647.5ms landing=5189.0ms 
concurrent scale=1 toggle=off c=10 perf-user-20 #3: logged_in post=3320.6ms landing=5344.1ms 
concurrent scale=1 toggle=off c=10 perf-user-21 #3: logged_in post=1998.4ms landing=4577.2ms 
concurrent scale=1 toggle=off c=10 perf-user-22 #3: logged_in post=2411.6ms landing=4859.7ms 
concurrent scale=1 toggle=off c=10 perf-user-24 #3: logged_in post=2535.7ms landing=4653.5ms 
concurrent scale=1 toggle=off c=10 perf-user-23 #3: logged_in post=2726.4ms landing=4850.1ms 
concurrent scale=1 toggle=off c=10 perf-user-25 #3: logged_in post=2856.7ms landing=4461.7ms 
[13:04:29] cell scale1-off done: 617 gateway login log lines, restarts=1 1
[13:04:30] === cell scale1-on: setting toggle
  revoke=True: 1/1
revoke=True: ok=1 failed=0
first scale=1 toggle=on c=1 perf-match-few #0: logged_in post=1323.2ms landing=2357.6ms 
first scale=1 toggle=on c=1 perf-match-many #0: logged_in post=1389.4ms landing=2427.5ms 
first scale=1 toggle=on c=1 perf-nomatch #0: logged_in post=1327.8ms landing=2470.7ms 
steady scale=1 toggle=on c=1 perf-match-few #0: logged_in post=1359.8ms landing=2361.7ms 
steady scale=1 toggle=on c=1 perf-match-many #0: logged_in post=1337.7ms landing=2301.0ms 
steady scale=1 toggle=on c=1 perf-nomatch #0: logged_in post=1196.9ms landing=2284.7ms 
steady scale=1 toggle=on c=1 perf-match-few #1: logged_in post=1354.0ms landing=2810.5ms 
steady scale=1 toggle=on c=1 perf-match-many #1: logged_in post=1269.8ms landing=2297.8ms 
steady scale=1 toggle=on c=1 perf-nomatch #1: logged_in post=1321.1ms landing=2396.2ms 
steady scale=1 toggle=on c=1 perf-match-few #2: logged_in post=1281.9ms landing=2208.2ms 
steady scale=1 toggle=on c=1 perf-match-many #2: logged_in post=1280.0ms landing=2287.7ms 
steady scale=1 toggle=on c=1 perf-nomatch #2: logged_in post=1293.2ms landing=2345.0ms 
steady scale=1 toggle=on c=1 perf-match-few #3: logged_in post=1314.1ms landing=2281.4ms 
steady scale=1 toggle=on c=1 perf-match-many #3: logged_in post=1228.1ms landing=2152.7ms 
steady scale=1 toggle=on c=1 perf-nomatch #3: logged_in post=1244.0ms landing=2269.9ms 
steady scale=1 toggle=on c=1 perf-match-few #4: logged_in post=1145.9ms landing=2071.8ms 
steady scale=1 toggle=on c=1 perf-match-many #4: logged_in post=1371.6ms landing=2356.2ms 
steady scale=1 toggle=on c=1 perf-nomatch #4: logged_in post=1257.0ms landing=2331.4ms 
steady scale=1 toggle=on c=1 perf-match-few #5: logged_in post=1180.4ms landing=2168.6ms 
steady scale=1 toggle=on c=1 perf-match-many #5: logged_in post=1404.2ms landing=2414.3ms 
steady scale=1 toggle=on c=1 perf-nomatch #5: logged_in post=1276.0ms landing=2352.9ms 
steady scale=1 toggle=on c=1 perf-match-few #6: logged_in post=1202.5ms landing=2100.1ms 
steady scale=1 toggle=on c=1 perf-match-many #6: logged_in post=1384.6ms landing=2336.6ms 
steady scale=1 toggle=on c=1 perf-nomatch #6: logged_in post=1240.5ms landing=2252.5ms 
steady scale=1 toggle=on c=1 perf-match-few #7: logged_in post=1216.4ms landing=2118.8ms 
steady scale=1 toggle=on c=1 perf-match-many #7: logged_in post=1266.8ms landing=2248.9ms 
steady scale=1 toggle=on c=1 perf-nomatch #7: logged_in post=1235.4ms landing=2269.9ms 
steady scale=1 toggle=on c=1 perf-match-few #8: logged_in post=1192.3ms landing=2130.3ms 
steady scale=1 toggle=on c=1 perf-match-many #8: logged_in post=1326.0ms landing=2315.7ms 
steady scale=1 toggle=on c=1 perf-nomatch #8: logged_in post=1378.0ms landing=2424.6ms 
steady scale=1 toggle=on c=1 perf-match-few #9: logged_in post=1250.8ms landing=2165.4ms 
steady scale=1 toggle=on c=1 perf-match-many #9: logged_in post=1331.8ms landing=2306.1ms 
steady scale=1 toggle=on c=1 perf-nomatch #9: logged_in post=1283.0ms landing=2283.9ms 
steady scale=1 toggle=on c=1 perf-match-few #10: logged_in post=1203.4ms landing=2154.0ms 
steady scale=1 toggle=on c=1 perf-match-many #10: logged_in post=1279.3ms landing=2328.2ms 
steady scale=1 toggle=on c=1 perf-nomatch #10: logged_in post=1400.8ms landing=2449.4ms 
steady scale=1 toggle=on c=1 perf-match-few #11: logged_in post=1305.2ms landing=2318.9ms 
steady scale=1 toggle=on c=1 perf-match-many #11: logged_in post=1397.7ms landing=2400.8ms 
steady scale=1 toggle=on c=1 perf-nomatch #11: logged_in post=1288.8ms landing=2431.6ms 
steady scale=1 toggle=on c=1 perf-match-few #12: logged_in post=1275.4ms landing=2320.2ms 
steady scale=1 toggle=on c=1 perf-match-many #12: logged_in post=1337.1ms landing=2325.4ms 
steady scale=1 toggle=on c=1 perf-nomatch #12: logged_in post=1262.5ms landing=2295.3ms 
steady scale=1 toggle=on c=1 perf-match-few #13: logged_in post=1275.3ms landing=2304.8ms 
steady scale=1 toggle=on c=1 perf-match-many #13: logged_in post=1368.6ms landing=2376.6ms 
steady scale=1 toggle=on c=1 perf-nomatch #13: logged_in post=1239.3ms landing=2321.7ms 
steady scale=1 toggle=on c=1 perf-match-few #14: logged_in post=1262.8ms landing=2283.1ms 
steady scale=1 toggle=on c=1 perf-match-many #14: logged_in post=1380.2ms landing=2371.8ms 
steady scale=1 toggle=on c=1 perf-nomatch #14: logged_in post=1422.4ms landing=2415.2ms 
steady scale=1 toggle=on c=1 perf-match-few #15: logged_in post=1295.7ms landing=2283.1ms 
steady scale=1 toggle=on c=1 perf-match-many #15: logged_in post=1284.6ms landing=2259.9ms 
steady scale=1 toggle=on c=1 perf-nomatch #15: logged_in post=1238.2ms landing=2255.3ms 
steady scale=1 toggle=on c=1 perf-match-few #16: logged_in post=1291.9ms landing=2332.6ms 
steady scale=1 toggle=on c=1 perf-match-many #16: logged_in post=1315.2ms landing=2226.6ms 
steady scale=1 toggle=on c=1 perf-nomatch #16: logged_in post=1181.8ms landing=2256.5ms 
steady scale=1 toggle=on c=1 perf-match-few #17: logged_in post=1293.2ms landing=2295.5ms 
steady scale=1 toggle=on c=1 perf-match-many #17: logged_in post=1371.5ms landing=2364.7ms 
steady scale=1 toggle=on c=1 perf-nomatch #17: logged_in post=1254.5ms landing=2382.6ms 
steady scale=1 toggle=on c=1 perf-match-few #18: logged_in post=1189.1ms landing=2230.0ms 
steady scale=1 toggle=on c=1 perf-match-many #18: logged_in post=1389.1ms landing=2289.6ms 
steady scale=1 toggle=on c=1 perf-nomatch #18: logged_in post=1203.3ms landing=2228.6ms 
steady scale=1 toggle=on c=1 perf-match-few #19: logged_in post=1248.5ms landing=2226.7ms 
steady scale=1 toggle=on c=1 perf-match-many #19: logged_in post=1294.4ms landing=2215.7ms 
steady scale=1 toggle=on c=1 perf-nomatch #19: logged_in post=1287.1ms landing=2364.2ms 
pool-first scale=1 toggle=on c=1 perf-user-01 #0: logged_in post=1201.6ms landing=2247.9ms 
pool-first scale=1 toggle=on c=1 perf-user-02 #0: logged_in post=1219.3ms landing=2291.7ms 
pool-first scale=1 toggle=on c=1 perf-user-03 #0: logged_in post=1199.4ms landing=2153.9ms 
pool-first scale=1 toggle=on c=1 perf-user-04 #0: logged_in post=1194.4ms landing=2250.5ms 
pool-first scale=1 toggle=on c=1 perf-user-05 #0: logged_in post=1262.3ms landing=2276.1ms 
pool-first scale=1 toggle=on c=1 perf-user-06 #0: logged_in post=1462.1ms landing=2582.8ms 
pool-first scale=1 toggle=on c=1 perf-user-07 #0: logged_in post=1270.9ms landing=2276.1ms 
pool-first scale=1 toggle=on c=1 perf-user-08 #0: logged_in post=1256.9ms landing=2304.3ms 
pool-first scale=1 toggle=on c=1 perf-user-09 #0: logged_in post=1340.8ms landing=2394.3ms 
pool-first scale=1 toggle=on c=1 perf-user-10 #0: logged_in post=1243.9ms landing=2232.3ms 
pool-first scale=1 toggle=on c=1 perf-user-11 #0: logged_in post=1269.3ms landing=2230.9ms 
pool-first scale=1 toggle=on c=1 perf-user-12 #0: logged_in post=1368.7ms landing=2471.4ms 
pool-first scale=1 toggle=on c=1 perf-user-13 #0: logged_in post=1188.1ms landing=2275.7ms 
pool-first scale=1 toggle=on c=1 perf-user-14 #0: logged_in post=1549.6ms landing=2578.4ms 
pool-first scale=1 toggle=on c=1 perf-user-15 #0: logged_in post=1327.0ms landing=2379.0ms 
pool-first scale=1 toggle=on c=1 perf-user-16 #0: logged_in post=1195.7ms landing=2274.1ms 
pool-first scale=1 toggle=on c=1 perf-user-17 #0: logged_in post=1435.4ms landing=2425.9ms 
pool-first scale=1 toggle=on c=1 perf-user-18 #0: logged_in post=1298.5ms landing=2364.3ms 
pool-first scale=1 toggle=on c=1 perf-user-19 #0: logged_in post=1220.3ms landing=2294.3ms 
pool-first scale=1 toggle=on c=1 perf-user-20 #0: logged_in post=1237.9ms landing=2211.7ms 
pool-first scale=1 toggle=on c=1 perf-user-21 #0: logged_in post=1316.5ms landing=2313.6ms 
pool-first scale=1 toggle=on c=1 perf-user-22 #0: logged_in post=1258.9ms landing=2260.4ms 
pool-first scale=1 toggle=on c=1 perf-user-23 #0: logged_in post=1256.0ms landing=2312.9ms 
pool-first scale=1 toggle=on c=1 perf-user-24 #0: logged_in post=1298.4ms landing=2312.9ms 
pool-first scale=1 toggle=on c=1 perf-user-25 #0: logged_in post=1279.0ms landing=2289.8ms 
concurrent scale=1 toggle=on c=10 perf-user-10 #0: logged_in post=2190.1ms landing=4844.9ms 
concurrent scale=1 toggle=on c=10 perf-user-02 #0: logged_in post=2112.8ms landing=5181.4ms 
concurrent scale=1 toggle=on c=10 perf-user-05 #0: logged_in post=2404.5ms landing=5796.7ms 
concurrent scale=1 toggle=on c=10 perf-user-04 #0: logged_in post=2405.8ms landing=6291.6ms 
concurrent scale=1 toggle=on c=10 perf-user-03 #0: logged_in post=2403.5ms landing=6449.6ms 
concurrent scale=1 toggle=on c=10 perf-user-09 #0: logged_in post=3630.7ms landing=7033.1ms 
concurrent scale=1 toggle=on c=10 perf-user-06 #0: logged_in post=3977.8ms landing=7366.9ms 
concurrent scale=1 toggle=on c=10 perf-user-07 #0: logged_in post=3655.9ms landing=7858.3ms 
concurrent scale=1 toggle=on c=10 perf-user-01 #0: logged_in post=4306.4ms landing=7908.0ms 
concurrent scale=1 toggle=on c=10 perf-user-08 #0: logged_in post=4280.1ms landing=8026.9ms 
concurrent scale=1 toggle=on c=10 perf-user-11 #0: logged_in post=2320.5ms landing=3932.7ms 
concurrent scale=1 toggle=on c=10 perf-user-14 #0: logged_in post=2048.4ms landing=4132.9ms 
concurrent scale=1 toggle=on c=10 perf-user-12 #0: logged_in post=2207.5ms landing=4315.0ms 
concurrent scale=1 toggle=on c=10 perf-user-13 #0: logged_in post=2320.8ms landing=4883.9ms 
concurrent scale=1 toggle=on c=10 perf-user-15 #0: logged_in post=2346.7ms landing=4963.4ms 
concurrent scale=1 toggle=on c=10 perf-user-16 #0: logged_in post=2295.5ms landing=5645.5ms 
concurrent scale=1 toggle=on c=10 perf-user-18 #0: logged_in post=2224.6ms landing=5005.1ms 
concurrent scale=1 toggle=on c=10 perf-user-17 #0: logged_in post=2206.7ms landing=5259.1ms 
concurrent scale=1 toggle=on c=10 perf-user-20 #0: logged_in post=2798.6ms landing=4771.3ms 
concurrent scale=1 toggle=on c=10 perf-user-19 #0: logged_in post=2758.7ms landing=5495.2ms 
concurrent scale=1 toggle=on c=10 perf-user-21 #0: logged_in post=2087.5ms landing=3944.0ms 
concurrent scale=1 toggle=on c=10 perf-user-22 #0: logged_in post=2337.9ms landing=4301.0ms 
concurrent scale=1 toggle=on c=10 perf-user-23 #0: logged_in post=2582.8ms landing=5096.3ms 
concurrent scale=1 toggle=on c=10 perf-user-24 #0: logged_in post=2063.8ms landing=4432.0ms 
concurrent scale=1 toggle=on c=10 perf-user-25 #0: logged_in post=2371.8ms landing=5326.0ms 
concurrent scale=1 toggle=on c=10 perf-user-01 #1: logged_in post=2360.4ms landing=5719.0ms 
concurrent scale=1 toggle=on c=10 perf-user-02 #1: logged_in post=2352.5ms landing=4930.4ms 
concurrent scale=1 toggle=on c=10 perf-user-03 #1: logged_in post=2191.2ms landing=5478.5ms 
concurrent scale=1 toggle=on c=10 perf-user-05 #1: logged_in post=3282.5ms landing=5647.2ms 
concurrent scale=1 toggle=on c=10 perf-user-04 #1: logged_in post=3287.1ms landing=5988.1ms 
concurrent scale=1 toggle=on c=10 perf-user-06 #1: logged_in post=2949.5ms landing=4957.9ms 
concurrent scale=1 toggle=on c=10 perf-user-07 #1: logged_in post=2525.1ms landing=5135.8ms 
concurrent scale=1 toggle=on c=10 perf-user-08 #1: logged_in post=2137.0ms landing=4723.5ms 
concurrent scale=1 toggle=on c=10 perf-user-09 #1: logged_in post=2947.3ms landing=5837.1ms 
concurrent scale=1 toggle=on c=10 perf-user-10 #1: logged_in post=2073.8ms landing=4668.0ms 
concurrent scale=1 toggle=on c=10 perf-user-11 #1: logged_in post=2671.8ms landing=5550.3ms 
concurrent scale=1 toggle=on c=10 perf-user-12 #1: logged_in post=2647.9ms landing=6105.0ms 
concurrent scale=1 toggle=on c=10 perf-user-13 #1: logged_in post=2930.6ms landing=5313.7ms 
concurrent scale=1 toggle=on c=10 perf-user-14 #1: logged_in post=3107.3ms landing=4983.7ms 
concurrent scale=1 toggle=on c=10 perf-user-15 #1: logged_in post=3501.1ms landing=5360.9ms 
concurrent scale=1 toggle=on c=10 perf-user-16 #1: logged_in post=2740.0ms landing=4631.1ms 
concurrent scale=1 toggle=on c=10 perf-user-17 #1: logged_in post=2594.5ms landing=5024.0ms 
concurrent scale=1 toggle=on c=10 perf-user-18 #1: logged_in post=1983.8ms landing=3997.7ms 
concurrent scale=1 toggle=on c=10 perf-user-19 #1: logged_in post=2582.7ms landing=4605.7ms 
concurrent scale=1 toggle=on c=10 perf-user-20 #1: logged_in post=2638.3ms landing=5131.1ms 
concurrent scale=1 toggle=on c=10 perf-user-21 #1: logged_in post=2169.5ms landing=4591.6ms 
concurrent scale=1 toggle=on c=10 perf-user-23 #1: logged_in post=2345.8ms landing=4521.1ms 
concurrent scale=1 toggle=on c=10 perf-user-22 #1: logged_in post=2503.2ms landing=5036.1ms 
concurrent scale=1 toggle=on c=10 perf-user-24 #1: logged_in post=2514.1ms landing=4613.0ms 
concurrent scale=1 toggle=on c=10 perf-user-25 #1: logged_in post=2491.5ms landing=4499.9ms 
concurrent scale=1 toggle=on c=10 perf-user-02 #2: logged_in post=1840.6ms landing=3281.6ms 
concurrent scale=1 toggle=on c=10 perf-user-01 #2: logged_in post=2431.9ms landing=4526.5ms 
concurrent scale=1 toggle=on c=10 perf-user-03 #2: logged_in post=2310.0ms landing=4281.6ms 
concurrent scale=1 toggle=on c=10 perf-user-04 #2: logged_in post=2522.2ms landing=4453.1ms 
concurrent scale=1 toggle=on c=10 perf-user-05 #2: logged_in post=2083.0ms landing=4182.8ms 
concurrent scale=1 toggle=on c=10 perf-user-06 #2: logged_in post=1697.3ms landing=3782.1ms 
concurrent scale=1 toggle=on c=10 perf-user-07 #2: logged_in post=2524.3ms landing=4934.9ms 
concurrent scale=1 toggle=on c=10 perf-user-08 #2: logged_in post=2444.7ms landing=4318.6ms 
concurrent scale=1 toggle=on c=10 perf-user-09 #2: logged_in post=2312.2ms landing=4208.4ms 
concurrent scale=1 toggle=on c=10 perf-user-10 #2: logged_in post=2254.5ms landing=4115.3ms 
concurrent scale=1 toggle=on c=10 perf-user-11 #2: logged_in post=2441.7ms landing=3843.8ms 
concurrent scale=1 toggle=on c=10 perf-user-12 #2: logged_in post=2193.3ms landing=4046.6ms 
concurrent scale=1 toggle=on c=10 perf-user-13 #2: logged_in post=2063.1ms landing=3914.3ms 
concurrent scale=1 toggle=on c=10 perf-user-16 #2: logged_in post=1929.5ms landing=3793.6ms 
concurrent scale=1 toggle=on c=10 perf-user-15 #2: logged_in post=2318.7ms landing=4238.7ms 
concurrent scale=1 toggle=on c=10 perf-user-14 #2: logged_in post=2483.1ms landing=4670.1ms 
concurrent scale=1 toggle=on c=10 perf-user-19 #2: logged_in post=2175.4ms landing=4043.1ms 
concurrent scale=1 toggle=on c=10 perf-user-20 #2: logged_in post=2193.7ms landing=4071.3ms 
concurrent scale=1 toggle=on c=10 perf-user-17 #2: logged_in post=2220.9ms landing=5042.5ms 
concurrent scale=1 toggle=on c=10 perf-user-18 #2: logged_in post=2293.2ms landing=4816.7ms 
concurrent scale=1 toggle=on c=10 perf-user-22 #2: logged_in post=2024.0ms landing=3904.4ms 
concurrent scale=1 toggle=on c=10 perf-user-21 #2: logged_in post=2161.5ms landing=4564.4ms 
concurrent scale=1 toggle=on c=10 perf-user-23 #2: logged_in post=2042.9ms landing=3973.2ms 
concurrent scale=1 toggle=on c=10 perf-user-24 #2: logged_in post=2311.9ms landing=4317.8ms 
concurrent scale=1 toggle=on c=10 perf-user-25 #2: logged_in post=2351.7ms landing=4439.2ms 
concurrent scale=1 toggle=on c=10 perf-user-01 #3: logged_in post=2278.9ms landing=4810.3ms 
concurrent scale=1 toggle=on c=10 perf-user-02 #3: logged_in post=1831.5ms landing=3810.2ms 
concurrent scale=1 toggle=on c=10 perf-user-03 #3: logged_in post=1902.9ms landing=4693.6ms 
concurrent scale=1 toggle=on c=10 perf-user-05 #3: logged_in post=2172.7ms landing=4860.8ms 
concurrent scale=1 toggle=on c=10 perf-user-04 #3: logged_in post=2729.0ms landing=5166.8ms 
concurrent scale=1 toggle=on c=10 perf-user-06 #3: logged_in post=2411.6ms landing=4779.7ms 
concurrent scale=1 toggle=on c=10 perf-user-07 #3: logged_in post=2396.5ms landing=4937.7ms 
concurrent scale=1 toggle=on c=10 perf-user-08 #3: logged_in post=2396.4ms landing=5255.0ms 
concurrent scale=1 toggle=on c=10 perf-user-09 #3: logged_in post=2547.7ms landing=4514.0ms 
concurrent scale=1 toggle=on c=10 perf-user-11 #3: logged_in post=2688.8ms landing=4586.4ms 
concurrent scale=1 toggle=on c=10 perf-user-10 #3: logged_in post=2540.7ms landing=4526.1ms 
concurrent scale=1 toggle=on c=10 perf-user-12 #3: logged_in post=2704.4ms landing=4710.6ms 
concurrent scale=1 toggle=on c=10 perf-user-13 #3: logged_in post=1994.4ms landing=4184.0ms 
concurrent scale=1 toggle=on c=10 perf-user-14 #3: logged_in post=2193.7ms landing=4058.5ms 
concurrent scale=1 toggle=on c=10 perf-user-15 #3: logged_in post=2315.9ms landing=5105.7ms 
concurrent scale=1 toggle=on c=10 perf-user-17 #3: logged_in post=2262.0ms landing=3784.6ms 
concurrent scale=1 toggle=on c=10 perf-user-16 #3: logged_in post=2425.6ms landing=4389.4ms 
concurrent scale=1 toggle=on c=10 perf-user-18 #3: logged_in post=2312.1ms landing=4326.9ms 
concurrent scale=1 toggle=on c=10 perf-user-20 #3: logged_in post=2248.4ms landing=3792.9ms 
concurrent scale=1 toggle=on c=10 perf-user-19 #3: logged_in post=2761.4ms landing=4648.6ms 
concurrent scale=1 toggle=on c=10 perf-user-21 #3: logged_in post=2166.6ms landing=4332.6ms 
concurrent scale=1 toggle=on c=10 perf-user-22 #3: logged_in post=2583.1ms landing=4079.4ms 
concurrent scale=1 toggle=on c=10 perf-user-23 #3: logged_in post=1905.2ms landing=3854.3ms 
concurrent scale=1 toggle=on c=10 perf-user-25 #3: logged_in post=1757.6ms landing=3299.0ms 
concurrent scale=1 toggle=on c=10 perf-user-24 #3: logged_in post=2091.0ms landing=4241.9ms 
[13:11:10] cell scale1-on done: 622 gateway login log lines, restarts=1 1
[13:11:12] === scale 500: ensuring mappers
  create maps: 250/499
  create maps: 499/499
create maps: ok=499 failed=0
team maps now: 500
[13:14:07] === cell scale500-off: setting toggle
  revoke=False: 250/500
  revoke=False: 500/500
revoke=False: ok=500 failed=0
first scale=500 toggle=off c=1 perf-match-few #0: logged_in post=1845.4ms landing=2905.8ms 
first scale=500 toggle=off c=1 perf-match-many #0: error post=9802.4ms landing=Nonems TimeoutError: Locator.wait_for: Timeout 180000ms exceeded.
Call log:
  - waiting for locator("[data-cy=page-navigation]").or_(locator(".pf-v5-c-alert.pf-m-danger, .pf-v6-c-alert.pf-m-danger, .pf-v5-c-helper-text__item.pf-m-error, .pf-v6-c-helper-text__item.pf-m-error")).first to be visible

first scale=500 toggle=off c=1 perf-nomatch #0: logged_in post=1729.3ms landing=2770.0ms 
steady scale=500 toggle=off c=1 perf-match-few #0: logged_in post=1448.1ms landing=2369.2ms 
steady scale=500 toggle=off c=1 perf-match-many #0: error post=10062.1ms landing=Nonems TimeoutError: Locator.wait_for: Timeout 180000ms exceeded.
Call log:
  - waiting for locator("[data-cy=page-navigation]").or_(locator(".pf-v5-c-alert.pf-m-danger, .pf-v6-c-alert.pf-m-danger, .pf-v5-c-helper-text__item.pf-m-error, .pf-v6-c-helper-text__item.pf-m-error")).first to be visible

steady scale=500 toggle=off c=1 perf-nomatch #0: logged_in post=1340.1ms landing=2334.2ms 
steady scale=500 toggle=off c=1 perf-match-few #1: logged_in post=1300.0ms landing=2288.0ms 
steady scale=500 toggle=off c=1 perf-match-many #1: error post=10008.7ms landing=Nonems TimeoutError: Locator.wait_for: Timeout 180000ms exceeded.
Call log:
  - waiting for locator("[data-cy=page-navigation]").or_(locator(".pf-v5-c-alert.pf-m-danger, .pf-v6-c-alert.pf-m-danger, .pf-v5-c-helper-text__item.pf-m-error, .pf-v6-c-helper-text__item.pf-m-error")).first to be visible

steady scale=500 toggle=off c=1 perf-nomatch #1: logged_in post=1545.4ms landing=2590.0ms 
steady scale=500 toggle=off c=1 perf-match-few #2: logged_in post=1375.7ms landing=2565.3ms 
steady scale=500 toggle=off c=1 perf-match-many #2: logged_in post=6858.2ms landing=7901.2ms 
steady scale=500 toggle=off c=1 perf-nomatch #2: logged_in post=1511.7ms landing=2587.1ms 
steady scale=500 toggle=off c=1 perf-match-few #3: logged_in post=1445.5ms landing=2461.3ms 
steady scale=500 toggle=off c=1 perf-match-many #3: logged_in post=2452.0ms landing=3415.3ms 
steady scale=500 toggle=off c=1 perf-nomatch #3: logged_in post=1374.3ms landing=2384.5ms 
steady scale=500 toggle=off c=1 perf-match-few #4: logged_in post=1356.2ms landing=2410.0ms 
steady scale=500 toggle=off c=1 perf-match-many #4: logged_in post=2581.0ms landing=3556.8ms 
steady scale=500 toggle=off c=1 perf-nomatch #4: logged_in post=1334.8ms landing=2392.1ms 
steady scale=500 toggle=off c=1 perf-match-few #5: logged_in post=1448.6ms landing=2362.9ms 
steady scale=500 toggle=off c=1 perf-match-many #5: logged_in post=2725.8ms landing=3812.3ms 
steady scale=500 toggle=off c=1 perf-nomatch #5: logged_in post=1446.0ms landing=2523.8ms 
steady scale=500 toggle=off c=1 perf-match-few #6: logged_in post=1275.2ms landing=2258.8ms 
steady scale=500 toggle=off c=1 perf-match-many #6: logged_in post=2152.9ms landing=3210.1ms 
steady scale=500 toggle=off c=1 perf-nomatch #6: logged_in post=1285.2ms landing=2276.3ms 
steady scale=500 toggle=off c=1 perf-match-few #7: logged_in post=1368.7ms landing=2371.8ms 
steady scale=500 toggle=off c=1 perf-match-many #7: logged_in post=2107.9ms landing=3172.1ms 
steady scale=500 toggle=off c=1 perf-nomatch #7: logged_in post=1288.8ms landing=2374.6ms 
steady scale=500 toggle=off c=1 perf-match-few #8: logged_in post=1655.8ms landing=2733.3ms 
steady scale=500 toggle=off c=1 perf-match-many #8: logged_in post=2261.2ms landing=3183.7ms 
steady scale=500 toggle=off c=1 perf-nomatch #8: logged_in post=1328.3ms landing=2309.9ms 
steady scale=500 toggle=off c=1 perf-match-few #9: logged_in post=1320.2ms landing=2404.1ms 
steady scale=500 toggle=off c=1 perf-match-many #9: logged_in post=2090.9ms landing=3030.5ms 
steady scale=500 toggle=off c=1 perf-nomatch #9: logged_in post=1291.9ms landing=2318.7ms 
steady scale=500 toggle=off c=1 perf-match-few #10: logged_in post=1308.8ms landing=2241.2ms 
steady scale=500 toggle=off c=1 perf-match-many #10: logged_in post=2146.9ms landing=3226.1ms 
steady scale=500 toggle=off c=1 perf-nomatch #10: logged_in post=1308.4ms landing=2417.1ms 
steady scale=500 toggle=off c=1 perf-match-few #11: logged_in post=1307.9ms landing=2246.2ms 
steady scale=500 toggle=off c=1 perf-match-many #11: logged_in post=2237.2ms landing=3247.9ms 
steady scale=500 toggle=off c=1 perf-nomatch #11: logged_in post=1249.0ms landing=2271.2ms 
steady scale=500 toggle=off c=1 perf-match-few #12: logged_in post=1432.0ms landing=2462.0ms 
steady scale=500 toggle=off c=1 perf-match-many #12: logged_in post=3116.6ms landing=4112.7ms 
steady scale=500 toggle=off c=1 perf-nomatch #12: logged_in post=1324.8ms landing=2385.7ms 
steady scale=500 toggle=off c=1 perf-match-few #13: logged_in post=1470.9ms landing=2519.8ms 
steady scale=500 toggle=off c=1 perf-match-many #13: logged_in post=2287.3ms landing=3342.8ms 
steady scale=500 toggle=off c=1 perf-nomatch #13: logged_in post=1331.1ms landing=2333.2ms 
steady scale=500 toggle=off c=1 perf-match-few #14: logged_in post=1322.8ms landing=2336.7ms 
steady scale=500 toggle=off c=1 perf-match-many #14: logged_in post=2166.2ms landing=3207.1ms 
steady scale=500 toggle=off c=1 perf-nomatch #14: logged_in post=1437.4ms landing=2593.3ms 
steady scale=500 toggle=off c=1 perf-match-few #15: logged_in post=1431.0ms landing=2429.4ms 
steady scale=500 toggle=off c=1 perf-match-many #15: logged_in post=2392.9ms landing=3472.9ms 
steady scale=500 toggle=off c=1 perf-nomatch #15: logged_in post=1291.8ms landing=2311.4ms 
steady scale=500 toggle=off c=1 perf-match-few #16: logged_in post=1644.8ms landing=2831.5ms 
steady scale=500 toggle=off c=1 perf-match-many #16: logged_in post=2055.3ms landing=3040.4ms 
steady scale=500 toggle=off c=1 perf-nomatch #16: logged_in post=1516.2ms landing=2529.7ms 
steady scale=500 toggle=off c=1 perf-match-few #17: logged_in post=1404.1ms landing=2438.9ms 
steady scale=500 toggle=off c=1 perf-match-many #17: logged_in post=2446.4ms landing=3405.2ms 
steady scale=500 toggle=off c=1 perf-nomatch #17: logged_in post=1408.1ms landing=2466.4ms 
steady scale=500 toggle=off c=1 perf-match-few #18: logged_in post=1414.5ms landing=2468.2ms 
steady scale=500 toggle=off c=1 perf-match-many #18: logged_in post=2172.5ms landing=3147.2ms 
steady scale=500 toggle=off c=1 perf-nomatch #18: logged_in post=1386.0ms landing=2478.4ms 
steady scale=500 toggle=off c=1 perf-match-few #19: logged_in post=1502.6ms landing=2518.3ms 
steady scale=500 toggle=off c=1 perf-match-many #19: logged_in post=2037.8ms landing=3026.7ms 
steady scale=500 toggle=off c=1 perf-nomatch #19: logged_in post=1342.1ms landing=2416.6ms 
pool-first scale=500 toggle=off c=1 perf-user-01 #0: logged_in post=2425.0ms landing=3496.6ms 
pool-first scale=500 toggle=off c=1 perf-user-02 #0: logged_in post=2741.3ms landing=3813.3ms 
pool-first scale=500 toggle=off c=1 perf-user-03 #0: logged_in post=2672.1ms landing=3750.4ms 
pool-first scale=500 toggle=off c=1 perf-user-04 #0: logged_in post=3296.6ms landing=4317.1ms 
pool-first scale=500 toggle=off c=1 perf-user-05 #0: logged_in post=3001.4ms landing=3989.0ms 
pool-first scale=500 toggle=off c=1 perf-user-06 #0: logged_in post=3396.8ms landing=4356.6ms 
pool-first scale=500 toggle=off c=1 perf-user-07 #0: logged_in post=3752.8ms landing=4788.8ms 
pool-first scale=500 toggle=off c=1 perf-user-08 #0: logged_in post=3563.9ms landing=4552.0ms 
pool-first scale=500 toggle=off c=1 perf-user-09 #0: logged_in post=1969.5ms landing=2886.5ms 
pool-first scale=500 toggle=off c=1 perf-user-10 #0: logged_in post=1177.8ms landing=2189.6ms 
pool-first scale=500 toggle=off c=1 perf-user-11 #0: logged_in post=1270.9ms landing=2300.6ms 
pool-first scale=500 toggle=off c=1 perf-user-12 #0: logged_in post=1325.5ms landing=2391.3ms 
pool-first scale=500 toggle=off c=1 perf-user-13 #0: logged_in post=1256.7ms landing=2289.3ms 
pool-first scale=500 toggle=off c=1 perf-user-14 #0: logged_in post=1305.6ms landing=2357.3ms 
pool-first scale=500 toggle=off c=1 perf-user-15 #0: logged_in post=1403.5ms landing=2451.2ms 
pool-first scale=500 toggle=off c=1 perf-user-16 #0: logged_in post=1286.7ms landing=2345.7ms 
pool-first scale=500 toggle=off c=1 perf-user-17 #0: logged_in post=1401.6ms landing=2430.3ms 
pool-first scale=500 toggle=off c=1 perf-user-18 #0: logged_in post=1263.9ms landing=2303.3ms 
pool-first scale=500 toggle=off c=1 perf-user-19 #0: logged_in post=1434.0ms landing=2496.7ms 
pool-first scale=500 toggle=off c=1 perf-user-20 #0: logged_in post=1374.7ms landing=2393.3ms 
pool-first scale=500 toggle=off c=1 perf-user-21 #0: logged_in post=1281.3ms landing=2272.8ms 
pool-first scale=500 toggle=off c=1 perf-user-22 #0: logged_in post=1262.9ms landing=2287.2ms 
pool-first scale=500 toggle=off c=1 perf-user-23 #0: logged_in post=1350.4ms landing=2735.0ms 
pool-first scale=500 toggle=off c=1 perf-user-24 #0: logged_in post=1327.3ms landing=2419.1ms 
pool-first scale=500 toggle=off c=1 perf-user-25 #0: logged_in post=1385.1ms landing=2364.9ms 
concurrent scale=500 toggle=off c=10 perf-user-10 #0: logged_in post=2308.2ms landing=7270.2ms 
concurrent scale=500 toggle=off c=10 perf-user-07 #0: logged_in post=2399.4ms landing=7991.4ms 
concurrent scale=500 toggle=off c=10 perf-user-06 #0: logged_in post=2400.9ms landing=8086.7ms 
concurrent scale=500 toggle=off c=10 perf-user-05 #0: logged_in post=2446.6ms landing=8126.6ms 
concurrent scale=500 toggle=off c=10 perf-user-04 #0: logged_in post=4577.6ms landing=8227.2ms 
concurrent scale=500 toggle=off c=10 perf-user-01 #0: logged_in post=2195.5ms landing=8428.5ms 
concurrent scale=500 toggle=off c=10 perf-user-09 #0: logged_in post=4438.6ms landing=8334.3ms 
concurrent scale=500 toggle=off c=10 perf-user-03 #0: logged_in post=4691.5ms landing=8801.3ms 
concurrent scale=500 toggle=off c=10 perf-user-08 #0: logged_in post=4536.8ms landing=8949.6ms 
concurrent scale=500 toggle=off c=10 perf-user-02 #0: logged_in post=4711.6ms landing=9469.6ms 
concurrent scale=500 toggle=off c=10 perf-user-11 #0: logged_in post=2712.3ms landing=4897.2ms 
concurrent scale=500 toggle=off c=10 perf-user-13 #0: logged_in post=2313.2ms landing=4789.2ms 
concurrent scale=500 toggle=off c=10 perf-user-12 #0: logged_in post=2554.7ms landing=5505.7ms 
concurrent scale=500 toggle=off c=10 perf-user-14 #0: logged_in post=2163.7ms landing=5232.7ms 
concurrent scale=500 toggle=off c=10 perf-user-15 #0: logged_in post=2320.4ms landing=5966.9ms 
concurrent scale=500 toggle=off c=10 perf-user-16 #0: logged_in post=3933.8ms landing=7360.2ms 
concurrent scale=500 toggle=off c=10 perf-user-17 #0: logged_in post=3948.1ms landing=7523.7ms 
concurrent scale=500 toggle=off c=10 perf-user-18 #0: logged_in post=3886.9ms landing=7417.3ms 
concurrent scale=500 toggle=off c=10 perf-user-20 #0: logged_in post=3575.4ms landing=6005.9ms 
concurrent scale=500 toggle=off c=10 perf-user-19 #0: logged_in post=3486.6ms landing=6679.1ms 
concurrent scale=500 toggle=off c=10 perf-user-21 #0: logged_in post=2999.2ms landing=5414.2ms 
concurrent scale=500 toggle=off c=10 perf-user-22 #0: logged_in post=2690.1ms landing=4713.6ms 
concurrent scale=500 toggle=off c=10 perf-user-23 #0: logged_in post=2550.1ms landing=4962.5ms 
concurrent scale=500 toggle=off c=10 perf-user-24 #0: logged_in post=2700.6ms landing=5198.5ms 
concurrent scale=500 toggle=off c=10 perf-user-25 #0: logged_in post=3481.7ms landing=6851.4ms 
concurrent scale=500 toggle=off c=10 perf-user-02 #1: logged_in post=2762.7ms landing=5656.9ms 
concurrent scale=500 toggle=off c=10 perf-user-01 #1: logged_in post=2444.3ms landing=6045.4ms 
concurrent scale=500 toggle=off c=10 perf-user-03 #1: logged_in post=2852.6ms landing=5804.2ms 
concurrent scale=500 toggle=off c=10 perf-user-04 #1: logged_in post=3092.9ms landing=6150.7ms 
concurrent scale=500 toggle=off c=10 perf-user-05 #1: logged_in post=3325.1ms landing=6867.0ms 
concurrent scale=500 toggle=off c=10 perf-user-06 #1: logged_in post=2670.0ms landing=5685.2ms 
concurrent scale=500 toggle=off c=10 perf-user-07 #1: logged_in post=2688.4ms landing=5624.6ms 
concurrent scale=500 toggle=off c=10 perf-user-08 #1: logged_in post=2878.7ms landing=5325.5ms 
concurrent scale=500 toggle=off c=10 perf-user-09 #1: logged_in post=2877.9ms landing=5406.4ms 
concurrent scale=500 toggle=off c=10 perf-user-10 #1: logged_in post=2770.0ms landing=4867.0ms 
concurrent scale=500 toggle=off c=10 perf-user-11 #1: logged_in post=2371.6ms landing=4336.2ms 
concurrent scale=500 toggle=off c=10 perf-user-12 #1: logged_in post=2336.5ms landing=4389.2ms 
concurrent scale=500 toggle=off c=10 perf-user-13 #1: logged_in post=2431.7ms landing=4400.9ms 
concurrent scale=500 toggle=off c=10 perf-user-14 #1: logged_in post=2937.0ms landing=4956.7ms 
concurrent scale=500 toggle=off c=10 perf-user-15 #1: logged_in post=2225.0ms landing=4294.3ms 
concurrent scale=500 toggle=off c=10 perf-user-16 #1: logged_in post=2436.3ms landing=4293.9ms 
concurrent scale=500 toggle=off c=10 perf-user-18 #1: logged_in post=2593.8ms landing=4448.4ms 
concurrent scale=500 toggle=off c=10 perf-user-17 #1: logged_in post=2493.2ms landing=3998.2ms 
concurrent scale=500 toggle=off c=10 perf-user-19 #1: logged_in post=2075.3ms landing=4165.5ms 
concurrent scale=500 toggle=off c=10 perf-user-20 #1: logged_in post=2292.6ms landing=4290.2ms 
concurrent scale=500 toggle=off c=10 perf-user-21 #1: logged_in post=2237.1ms landing=4256.3ms 
concurrent scale=500 toggle=off c=10 perf-user-23 #1: logged_in post=2200.8ms landing=4136.7ms 
concurrent scale=500 toggle=off c=10 perf-user-22 #1: logged_in post=2296.6ms landing=4449.1ms 
concurrent scale=500 toggle=off c=10 perf-user-24 #1: logged_in post=2675.7ms landing=4816.2ms 
concurrent scale=500 toggle=off c=10 perf-user-25 #1: logged_in post=2436.2ms landing=4967.2ms 
concurrent scale=500 toggle=off c=10 perf-user-01 #2: logged_in post=2456.7ms landing=4974.4ms 
concurrent scale=500 toggle=off c=10 perf-user-02 #2: logged_in post=2728.7ms landing=5665.5ms 
concurrent scale=500 toggle=off c=10 perf-user-03 #2: logged_in post=2832.3ms landing=5696.3ms 
concurrent scale=500 toggle=off c=10 perf-user-04 #2: logged_in post=3003.6ms landing=6407.3ms 
concurrent scale=500 toggle=off c=10 perf-user-05 #2: logged_in post=2481.6ms landing=5969.2ms 
concurrent scale=500 toggle=off c=10 perf-user-07 #2: logged_in post=3111.0ms landing=5595.5ms 
concurrent scale=500 toggle=off c=10 perf-user-06 #2: logged_in post=3100.7ms landing=5688.1ms 
concurrent scale=500 toggle=off c=10 perf-user-08 #2: logged_in post=3009.6ms landing=5928.9ms 
concurrent scale=500 toggle=off c=10 perf-user-09 #2: logged_in post=3174.2ms landing=6104.9ms 
concurrent scale=500 toggle=off c=10 perf-user-11 #2: logged_in post=2725.5ms landing=5075.6ms 
concurrent scale=500 toggle=off c=10 perf-user-12 #2: logged_in post=2281.6ms landing=4872.1ms 
concurrent scale=500 toggle=off c=10 perf-user-10 #2: logged_in post=2749.9ms landing=5341.9ms 
concurrent scale=500 toggle=off c=10 perf-user-13 #2: logged_in post=2598.2ms landing=5213.8ms 
concurrent scale=500 toggle=off c=10 perf-user-14 #2: logged_in post=2677.1ms landing=5203.1ms 
concurrent scale=500 toggle=off c=10 perf-user-17 #2: logged_in post=2598.9ms landing=4518.6ms 
concurrent scale=500 toggle=off c=10 perf-user-15 #2: logged_in post=2493.8ms landing=5114.7ms 
concurrent scale=500 toggle=off c=10 perf-user-18 #2: logged_in post=2837.6ms landing=4880.5ms 
concurrent scale=500 toggle=off c=10 perf-user-16 #2: logged_in post=2829.2ms landing=4926.9ms 
concurrent scale=500 toggle=off c=10 perf-user-19 #2: logged_in post=2260.0ms landing=4645.1ms 
concurrent scale=500 toggle=off c=10 perf-user-21 #2: logged_in post=2069.4ms landing=4138.0ms 
concurrent scale=500 toggle=off c=10 perf-user-20 #2: logged_in post=2293.8ms landing=4162.5ms 
concurrent scale=500 toggle=off c=10 perf-user-22 #2: logged_in post=2522.3ms landing=4636.4ms 
concurrent scale=500 toggle=off c=10 perf-user-23 #2: logged_in post=2649.3ms landing=4725.2ms 
concurrent scale=500 toggle=off c=10 perf-user-24 #2: logged_in post=2401.6ms landing=4242.0ms 
concurrent scale=500 toggle=off c=10 perf-user-25 #2: logged_in post=2535.8ms landing=4886.9ms 
concurrent scale=500 toggle=off c=10 perf-user-01 #3: logged_in post=2324.7ms landing=4830.8ms 
concurrent scale=500 toggle=off c=10 perf-user-02 #3: logged_in post=2757.2ms landing=5655.6ms 
concurrent scale=500 toggle=off c=10 perf-user-03 #3: logged_in post=2796.6ms landing=5646.8ms 
concurrent scale=500 toggle=off c=10 perf-user-04 #3: logged_in post=2446.0ms landing=5351.6ms 
concurrent scale=500 toggle=off c=10 perf-user-05 #3: logged_in post=2509.3ms landing=5549.2ms 
concurrent scale=500 toggle=off c=10 perf-user-06 #3: logged_in post=2567.1ms landing=5940.5ms 
concurrent scale=500 toggle=off c=10 perf-user-08 #3: logged_in post=3132.5ms landing=6083.1ms 
concurrent scale=500 toggle=off c=10 perf-user-07 #3: logged_in post=3380.7ms landing=6325.4ms 
concurrent scale=500 toggle=off c=10 perf-user-10 #3: logged_in post=2805.0ms landing=4346.1ms 
concurrent scale=500 toggle=off c=10 perf-user-09 #3: logged_in post=3014.4ms landing=5413.7ms 
concurrent scale=500 toggle=off c=10 perf-user-11 #3: logged_in post=2750.8ms landing=4697.2ms 
concurrent scale=500 toggle=off c=10 perf-user-13 #3: logged_in post=2553.1ms landing=4663.3ms 
concurrent scale=500 toggle=off c=10 perf-user-12 #3: logged_in post=2743.9ms landing=4995.6ms 
concurrent scale=500 toggle=off c=10 perf-user-15 #3: logged_in post=2530.4ms landing=4495.7ms 
concurrent scale=500 toggle=off c=10 perf-user-14 #3: logged_in post=2448.4ms landing=4494.5ms 
concurrent scale=500 toggle=off c=10 perf-user-16 #3: logged_in post=2530.8ms landing=5109.4ms 
concurrent scale=500 toggle=off c=10 perf-user-18 #3: logged_in post=2183.8ms landing=4546.0ms 
concurrent scale=500 toggle=off c=10 perf-user-17 #3: logged_in post=2300.0ms landing=4759.5ms 
concurrent scale=500 toggle=off c=10 perf-user-20 #3: logged_in post=2771.8ms landing=4732.7ms 
concurrent scale=500 toggle=off c=10 perf-user-19 #3: logged_in post=2458.7ms landing=4444.1ms 
concurrent scale=500 toggle=off c=10 perf-user-21 #3: logged_in post=2483.1ms landing=4447.6ms 
concurrent scale=500 toggle=off c=10 perf-user-23 #3: logged_in post=3056.5ms landing=5183.1ms 
concurrent scale=500 toggle=off c=10 perf-user-22 #3: logged_in post=2540.8ms landing=4698.2ms 
concurrent scale=500 toggle=off c=10 perf-user-24 #3: logged_in post=2235.4ms landing=3685.0ms 
concurrent scale=500 toggle=off c=10 perf-user-25 #3: logged_in post=2300.0ms landing=3811.6ms 
[13:34:00] cell scale500-off done: 349 gateway login log lines, restarts=1 1
[13:34:01] === cell scale500-on: setting toggle
  revoke=True: 250/500
  revoke=True: 500/500
revoke=True: ok=500 failed=0
first scale=500 toggle=on c=1 perf-match-few #0: logged_in post=2768.9ms landing=3696.2ms 
first scale=500 toggle=on c=1 perf-match-many #0: logged_in post=3540.6ms landing=4587.9ms 
first scale=500 toggle=on c=1 perf-nomatch #0: logged_in post=2989.6ms landing=4077.4ms 
steady scale=500 toggle=on c=1 perf-match-few #0: logged_in post=2918.1ms landing=3962.0ms 
steady scale=500 toggle=on c=1 perf-match-many #0: logged_in post=4493.5ms landing=5581.9ms 
steady scale=500 toggle=on c=1 perf-nomatch #0: logged_in post=3171.2ms landing=4248.4ms 
steady scale=500 toggle=on c=1 perf-match-few #1: logged_in post=2775.1ms landing=3774.6ms 
steady scale=500 toggle=on c=1 perf-match-many #1: logged_in post=3314.8ms landing=4309.5ms 
steady scale=500 toggle=on c=1 perf-nomatch #1: logged_in post=3073.7ms landing=4162.4ms 
steady scale=500 toggle=on c=1 perf-match-few #2: logged_in post=3100.7ms landing=4271.6ms 
steady scale=500 toggle=on c=1 perf-match-many #2: logged_in post=3990.8ms landing=5016.3ms 
steady scale=500 toggle=on c=1 perf-nomatch #2: logged_in post=2923.5ms landing=4009.2ms 
steady scale=500 toggle=on c=1 perf-match-few #3: logged_in post=3285.6ms landing=4309.0ms 
steady scale=500 toggle=on c=1 perf-match-many #3: logged_in post=3557.8ms landing=4554.9ms 
steady scale=500 toggle=on c=1 perf-nomatch #3: logged_in post=3291.8ms landing=4356.7ms 
steady scale=500 toggle=on c=1 perf-match-few #4: logged_in post=3842.4ms landing=4801.3ms 
steady scale=500 toggle=on c=1 perf-match-many #4: logged_in post=3778.5ms landing=4817.3ms 
steady scale=500 toggle=on c=1 perf-nomatch #4: logged_in post=2844.7ms landing=3870.3ms 
steady scale=500 toggle=on c=1 perf-match-few #5: logged_in post=3058.6ms landing=4161.7ms 
steady scale=500 toggle=on c=1 perf-match-many #5: logged_in post=3805.7ms landing=4767.3ms 
steady scale=500 toggle=on c=1 perf-nomatch #5: logged_in post=3580.3ms landing=4674.7ms 
steady scale=500 toggle=on c=1 perf-match-few #6: logged_in post=2841.6ms landing=3820.0ms 
steady scale=500 toggle=on c=1 perf-match-many #6: logged_in post=3361.7ms landing=4415.2ms 
steady scale=500 toggle=on c=1 perf-nomatch #6: logged_in post=3852.1ms landing=5067.2ms 
steady scale=500 toggle=on c=1 perf-match-few #7: logged_in post=3425.8ms landing=4444.2ms 
steady scale=500 toggle=on c=1 perf-match-many #7: logged_in post=5249.7ms landing=6458.9ms 
steady scale=500 toggle=on c=1 perf-nomatch #7: logged_in post=3920.3ms landing=5072.5ms 
steady scale=500 toggle=on c=1 perf-match-few #8: logged_in post=3342.9ms landing=4354.0ms 
steady scale=500 toggle=on c=1 perf-match-many #8: logged_in post=4433.4ms landing=5578.7ms 
steady scale=500 toggle=on c=1 perf-nomatch #8: logged_in post=3805.2ms landing=4790.6ms 
steady scale=500 toggle=on c=1 perf-match-few #9: logged_in post=3402.6ms landing=4456.1ms 
steady scale=500 toggle=on c=1 perf-match-many #9: logged_in post=4440.1ms landing=5576.8ms 
steady scale=500 toggle=on c=1 perf-nomatch #9: logged_in post=5104.0ms landing=6307.4ms 
steady scale=500 toggle=on c=1 perf-match-few #10: logged_in post=7372.1ms landing=8891.9ms 
steady scale=500 toggle=on c=1 perf-match-many #10: logged_in post=6743.5ms landing=8188.5ms 
steady scale=500 toggle=on c=1 perf-nomatch #10: logged_in post=4694.1ms landing=5771.3ms 
steady scale=500 toggle=on c=1 perf-match-few #11: logged_in post=6996.9ms landing=8079.0ms 
steady scale=500 toggle=on c=1 perf-match-many #11: logged_in post=7017.9ms landing=8038.0ms 
steady scale=500 toggle=on c=1 perf-nomatch #11: logged_in post=6757.3ms landing=8396.9ms 
steady scale=500 toggle=on c=1 perf-match-few #12: logged_in post=5790.7ms landing=6938.9ms 
steady scale=500 toggle=on c=1 perf-match-many #12: logged_in post=5951.9ms landing=7478.2ms 
steady scale=500 toggle=on c=1 perf-nomatch #12: logged_in post=4343.1ms landing=5478.6ms 
steady scale=500 toggle=on c=1 perf-match-few #13: logged_in post=4286.9ms landing=5503.9ms 
steady scale=500 toggle=on c=1 perf-match-many #13: logged_in post=5061.2ms landing=6148.2ms 
steady scale=500 toggle=on c=1 perf-nomatch #13: logged_in post=4702.6ms landing=5888.8ms 
steady scale=500 toggle=on c=1 perf-match-few #14: logged_in post=4344.1ms landing=5746.2ms 
steady scale=500 toggle=on c=1 perf-match-many #14: logged_in post=4597.0ms landing=5686.6ms 
steady scale=500 toggle=on c=1 perf-nomatch #14: logged_in post=4113.7ms landing=5275.2ms 
steady scale=500 toggle=on c=1 perf-match-few #15: logged_in post=4934.9ms landing=6057.2ms 
steady scale=500 toggle=on c=1 perf-match-many #15: logged_in post=4492.9ms landing=5539.5ms 
steady scale=500 toggle=on c=1 perf-nomatch #15: logged_in post=3902.3ms landing=4999.4ms 
steady scale=500 toggle=on c=1 perf-match-few #16: logged_in post=4179.7ms landing=5259.3ms 
steady scale=500 toggle=on c=1 perf-match-many #16: logged_in post=4552.7ms landing=5554.6ms 
steady scale=500 toggle=on c=1 perf-nomatch #16: logged_in post=4030.6ms landing=5181.3ms 
steady scale=500 toggle=on c=1 perf-match-few #17: logged_in post=3658.2ms landing=4694.3ms 
steady scale=500 toggle=on c=1 perf-match-many #17: logged_in post=5919.9ms landing=7007.2ms 
steady scale=500 toggle=on c=1 perf-nomatch #17: logged_in post=4505.8ms landing=5650.7ms 
steady scale=500 toggle=on c=1 perf-match-few #18: logged_in post=3810.2ms landing=4887.0ms 
steady scale=500 toggle=on c=1 perf-match-many #18: logged_in post=3911.7ms landing=4928.2ms 
steady scale=500 toggle=on c=1 perf-nomatch #18: logged_in post=3917.0ms landing=5348.6ms 
steady scale=500 toggle=on c=1 perf-match-few #19: logged_in post=3972.5ms landing=4956.5ms 
steady scale=500 toggle=on c=1 perf-match-many #19: logged_in post=5073.8ms landing=6171.7ms 
steady scale=500 toggle=on c=1 perf-nomatch #19: logged_in post=3754.6ms landing=4825.8ms 
pool-first scale=500 toggle=on c=1 perf-user-01 #0: logged_in post=4676.9ms landing=5737.6ms 
pool-first scale=500 toggle=on c=1 perf-user-02 #0: logged_in post=5485.3ms landing=6940.1ms 
pool-first scale=500 toggle=on c=1 perf-user-03 #0: logged_in post=5182.0ms landing=6269.3ms 
pool-first scale=500 toggle=on c=1 perf-user-04 #0: logged_in post=3130.0ms landing=4113.9ms 
pool-first scale=500 toggle=on c=1 perf-user-05 #0: logged_in post=3716.6ms landing=5700.1ms 
pool-first scale=500 toggle=on c=1 perf-user-06 #0: logged_in post=3824.0ms landing=5016.2ms 
pool-first scale=500 toggle=on c=1 perf-user-07 #0: logged_in post=3315.0ms landing=4333.4ms 
pool-first scale=500 toggle=on c=1 perf-user-08 #0: logged_in post=3316.1ms landing=4370.5ms 
pool-first scale=500 toggle=on c=1 perf-user-09 #0: logged_in post=4053.5ms landing=5068.7ms 
pool-first scale=500 toggle=on c=1 perf-user-10 #0: logged_in post=3977.2ms landing=5098.6ms 
pool-first scale=500 toggle=on c=1 perf-user-11 #0: logged_in post=3324.8ms landing=4388.3ms 
pool-first scale=500 toggle=on c=1 perf-user-12 #0: logged_in post=3528.3ms landing=4666.2ms 
pool-first scale=500 toggle=on c=1 perf-user-13 #0: logged_in post=4023.9ms landing=5136.3ms 
pool-first scale=500 toggle=on c=1 perf-user-14 #0: logged_in post=3808.4ms landing=4899.8ms 
pool-first scale=500 toggle=on c=1 perf-user-15 #0: logged_in post=4029.7ms landing=5140.4ms 
pool-first scale=500 toggle=on c=1 perf-user-16 #0: logged_in post=3490.1ms landing=4625.3ms 
pool-first scale=500 toggle=on c=1 perf-user-17 #0: logged_in post=3590.4ms landing=4699.4ms 
pool-first scale=500 toggle=on c=1 perf-user-18 #0: logged_in post=3467.5ms landing=4650.3ms 
pool-first scale=500 toggle=on c=1 perf-user-19 #0: logged_in post=3458.9ms landing=4550.1ms 
pool-first scale=500 toggle=on c=1 perf-user-20 #0: logged_in post=3910.6ms landing=5039.2ms 
pool-first scale=500 toggle=on c=1 perf-user-21 #0: logged_in post=3396.8ms landing=4601.9ms 
pool-first scale=500 toggle=on c=1 perf-user-22 #0: logged_in post=3206.8ms landing=4329.3ms 
pool-first scale=500 toggle=on c=1 perf-user-23 #0: logged_in post=3110.0ms landing=4201.6ms 
pool-first scale=500 toggle=on c=1 perf-user-24 #0: logged_in post=3072.4ms landing=4153.3ms 
pool-first scale=500 toggle=on c=1 perf-user-25 #0: logged_in post=3239.3ms landing=4372.2ms 
concurrent scale=500 toggle=on c=10 perf-user-10 #0: logged_in post=4872.8ms landing=12987.0ms 
concurrent scale=500 toggle=on c=10 perf-user-08 #0: logged_in post=4983.6ms landing=13699.0ms 
concurrent scale=500 toggle=on c=10 perf-user-02 #0: logged_in post=4623.1ms landing=13662.7ms 
concurrent scale=500 toggle=on c=10 perf-user-01 #0: logged_in post=4834.7ms landing=13997.8ms 
concurrent scale=500 toggle=on c=10 perf-user-03 #0: logged_in post=4967.0ms landing=14292.0ms 
concurrent scale=500 toggle=on c=10 perf-user-06 #0: logged_in post=9241.1ms landing=13802.7ms 
concurrent scale=500 toggle=on c=10 perf-user-05 #0: logged_in post=9588.8ms landing=14041.3ms 
concurrent scale=500 toggle=on c=10 perf-user-07 #0: logged_in post=9429.4ms landing=14034.4ms 
concurrent scale=500 toggle=on c=10 perf-user-09 #0: logged_in post=9323.3ms landing=13936.0ms 
concurrent scale=500 toggle=on c=10 perf-user-04 #0: logged_in post=9503.8ms landing=14548.4ms 
concurrent scale=500 toggle=on c=10 perf-user-11 #0: logged_in post=4225.8ms landing=10778.2ms 
concurrent scale=500 toggle=on c=10 perf-user-12 #0: logged_in post=3753.0ms landing=10365.9ms 
concurrent scale=500 toggle=on c=10 perf-user-14 #0: logged_in post=3985.6ms landing=11533.1ms 
concurrent scale=500 toggle=on c=10 perf-user-13 #0: logged_in post=4094.4ms landing=11514.5ms 
concurrent scale=500 toggle=on c=10 perf-user-15 #0: logged_in post=4200.6ms landing=11921.9ms 
concurrent scale=500 toggle=on c=10 perf-user-18 #0: logged_in post=7672.4ms landing=11617.9ms 
concurrent scale=500 toggle=on c=10 perf-user-19 #0: logged_in post=7878.3ms landing=11996.6ms 
concurrent scale=500 toggle=on c=10 perf-user-16 #0: logged_in post=7952.1ms landing=12035.9ms 
concurrent scale=500 toggle=on c=10 perf-user-20 #0: logged_in post=7755.9ms landing=11833.3ms 
concurrent scale=500 toggle=on c=10 perf-user-17 #0: logged_in post=8051.2ms landing=12657.6ms 
concurrent scale=500 toggle=on c=10 perf-user-21 #0: logged_in post=4639.6ms landing=6769.6ms 
concurrent scale=500 toggle=on c=10 perf-user-22 #0: logged_in post=4799.5ms landing=6845.3ms 
concurrent scale=500 toggle=on c=10 perf-user-24 #0: logged_in post=4639.4ms landing=11091.8ms 
concurrent scale=500 toggle=on c=10 perf-user-23 #0: logged_in post=5110.9ms landing=11620.3ms 
concurrent scale=500 toggle=on c=10 perf-user-25 #0: logged_in post=4516.9ms landing=11446.0ms 
concurrent scale=500 toggle=on c=10 perf-user-03 #1: logged_in post=8534.8ms landing=12632.4ms 
concurrent scale=500 toggle=on c=10 perf-user-01 #1: logged_in post=8891.8ms landing=13063.5ms 
concurrent scale=500 toggle=on c=10 perf-user-02 #1: logged_in post=8594.6ms landing=13092.5ms 
concurrent scale=500 toggle=on c=10 perf-user-04 #1: logged_in post=5892.8ms landing=9288.0ms 
concurrent scale=500 toggle=on c=10 perf-user-05 #1: logged_in post=6177.8ms landing=9271.5ms 
concurrent scale=500 toggle=on c=10 perf-user-06 #1: logged_in post=5209.8ms landing=10770.9ms 
concurrent scale=500 toggle=on c=10 perf-user-07 #1: logged_in post=5439.5ms landing=11424.0ms 
concurrent scale=500 toggle=on c=10 perf-user-10 #1: logged_in post=6123.2ms landing=9675.4ms 
concurrent scale=500 toggle=on c=10 perf-user-13 #1: logged_in post=4742.5ms landing=7665.9ms 
concurrent scale=500 toggle=on c=10 perf-user-08 #1: logged_in post=4502.1ms landing=11464.2ms 
concurrent scale=500 toggle=on c=10 perf-user-12 #1: logged_in post=4873.5ms landing=7889.2ms 
concurrent scale=500 toggle=on c=10 perf-user-09 #1: logged_in post=5311.5ms landing=11413.5ms 
concurrent scale=500 toggle=on c=10 perf-user-11 #1: logged_in post=4755.5ms landing=8414.4ms 
concurrent scale=500 toggle=on c=10 perf-user-15 #1: logged_in post=5524.9ms landing=8612.0ms 
concurrent scale=500 toggle=on c=10 perf-user-14 #1: logged_in post=9202.3ms landing=10791.7ms 
concurrent scale=500 toggle=on c=10 perf-user-17 #1: logged_in post=4857.6ms landing=6838.9ms 
concurrent scale=500 toggle=on c=10 perf-user-18 #1: logged_in post=4360.9ms landing=6721.2ms 
concurrent scale=500 toggle=on c=10 perf-user-16 #1: logged_in post=5377.9ms landing=7977.0ms 
concurrent scale=500 toggle=on c=10 perf-user-19 #1: logged_in post=4247.0ms landing=7328.7ms 
concurrent scale=500 toggle=on c=10 perf-user-20 #1: logged_in post=4147.5ms landing=7729.2ms 
concurrent scale=500 toggle=on c=10 perf-user-21 #1: logged_in post=7825.0ms landing=11360.2ms 
concurrent scale=500 toggle=on c=10 perf-user-22 #1: logged_in post=8642.0ms landing=11089.5ms 
concurrent scale=500 toggle=on c=10 perf-user-23 #1: logged_in post=8371.3ms landing=11055.9ms 
concurrent scale=500 toggle=on c=10 perf-user-24 #1: logged_in post=8114.0ms landing=11315.5ms 
concurrent scale=500 toggle=on c=10 perf-user-25 #1: logged_in post=8441.6ms landing=13838.6ms 
concurrent scale=500 toggle=on c=10 perf-user-01 #2: logged_in post=5821.3ms landing=9204.8ms 
concurrent scale=500 toggle=on c=10 perf-user-02 #2: logged_in post=5658.2ms landing=9238.2ms 
concurrent scale=500 toggle=on c=10 perf-user-04 #2: logged_in post=5674.6ms landing=9134.1ms 
concurrent scale=500 toggle=on c=10 perf-user-03 #2: logged_in post=7733.3ms landing=13202.6ms 
concurrent scale=500 toggle=on c=10 perf-user-05 #2: logged_in post=8664.1ms landing=13743.7ms 
concurrent scale=500 toggle=on c=10 perf-user-06 #2: logged_in post=5290.2ms landing=8773.7ms 
concurrent scale=500 toggle=on c=10 perf-user-08 #2: logged_in post=5246.9ms landing=8778.0ms 
concurrent scale=500 toggle=on c=10 perf-user-09 #2: logged_in post=5764.8ms landing=9209.5ms 
concurrent scale=500 toggle=on c=10 perf-user-07 #2: logged_in post=5776.3ms landing=9686.5ms 
concurrent scale=500 toggle=on c=10 perf-user-11 #2: logged_in post=4827.2ms landing=6678.2ms 
concurrent scale=500 toggle=on c=10 perf-user-10 #2: logged_in post=4917.0ms landing=6806.9ms 
concurrent scale=500 toggle=on c=10 perf-user-12 #2: logged_in post=4944.3ms landing=6803.9ms 
concurrent scale=500 toggle=on c=10 perf-user-13 #2: logged_in post=5030.8ms landing=7629.8ms 
concurrent scale=500 toggle=on c=10 perf-user-15 #2: logged_in post=5311.7ms landing=7191.1ms 
concurrent scale=500 toggle=on c=10 perf-user-14 #2: logged_in post=6113.3ms landing=8583.8ms 
concurrent scale=500 toggle=on c=10 perf-user-16 #2: logged_in post=4918.7ms landing=7306.8ms 
concurrent scale=500 toggle=on c=10 perf-user-17 #2: logged_in post=4841.5ms landing=7312.0ms 
concurrent scale=500 toggle=on c=10 perf-user-19 #2: logged_in post=6667.4ms landing=11626.3ms 
concurrent scale=500 toggle=on c=10 perf-user-18 #2: logged_in post=8357.0ms landing=11909.6ms 
concurrent scale=500 toggle=on c=10 perf-user-23 #2: logged_in post=4482.1ms landing=7392.9ms 
concurrent scale=500 toggle=on c=10 perf-user-21 #2: logged_in post=4655.4ms landing=7803.8ms 
concurrent scale=500 toggle=on c=10 perf-user-22 #2: logged_in post=5928.0ms landing=8880.8ms 
concurrent scale=500 toggle=on c=10 perf-user-20 #2: logged_in post=6035.8ms landing=10146.0ms 
concurrent scale=500 toggle=on c=10 perf-user-24 #2: logged_in post=6407.8ms landing=9433.1ms 
concurrent scale=500 toggle=on c=10 perf-user-01 #3: logged_in post=6530.1ms landing=11969.5ms 
concurrent scale=500 toggle=on c=10 perf-user-02 #3: logged_in post=6651.2ms landing=13649.7ms 
concurrent scale=500 toggle=on c=10 perf-user-25 #2: logged_in post=6567.8ms landing=14070.7ms 
concurrent scale=500 toggle=on c=10 perf-user-03 #3: logged_in post=5127.3ms landing=8626.9ms 
concurrent scale=500 toggle=on c=10 perf-user-04 #3: logged_in post=5163.7ms landing=9137.3ms 
concurrent scale=500 toggle=on c=10 perf-user-05 #3: logged_in post=5249.1ms landing=9227.2ms 
concurrent scale=500 toggle=on c=10 perf-user-06 #3: logged_in post=5145.3ms landing=9170.3ms 
concurrent scale=500 toggle=on c=10 perf-user-08 #3: logged_in post=6411.7ms landing=10311.2ms 
concurrent scale=500 toggle=on c=10 perf-user-07 #3: logged_in post=9545.1ms landing=15479.4ms 
concurrent scale=500 toggle=on c=10 perf-user-11 #3: logged_in post=3995.3ms landing=8449.5ms 
concurrent scale=500 toggle=on c=10 perf-user-10 #3: logged_in post=4936.6ms landing=10526.7ms 
concurrent scale=500 toggle=on c=10 perf-user-12 #3: logged_in post=5041.3ms landing=8092.2ms 
concurrent scale=500 toggle=on c=10 perf-user-09 #3: logged_in post=5383.3ms landing=12296.0ms 
concurrent scale=500 toggle=on c=10 perf-user-13 #3: logged_in post=5256.6ms landing=8679.1ms 
concurrent scale=500 toggle=on c=10 perf-user-14 #3: logged_in post=5963.0ms landing=9010.1ms 
concurrent scale=500 toggle=on c=10 perf-user-15 #3: logged_in post=7970.9ms landing=11055.8ms 
concurrent scale=500 toggle=on c=10 perf-user-16 #3: logged_in post=10547.5ms landing=15149.4ms 
concurrent scale=500 toggle=on c=10 perf-user-17 #3: logged_in post=6401.3ms landing=11501.8ms 
concurrent scale=500 toggle=on c=10 perf-user-20 #3: logged_in post=4305.3ms landing=8307.1ms 
concurrent scale=500 toggle=on c=10 perf-user-19 #3: logged_in post=4340.1ms landing=8418.0ms 
concurrent scale=500 toggle=on c=10 perf-user-18 #3: logged_in post=5397.1ms landing=10018.7ms 
concurrent scale=500 toggle=on c=10 perf-user-21 #3: logged_in post=6101.5ms landing=9807.3ms 
concurrent scale=500 toggle=on c=10 perf-user-23 #3: logged_in post=6404.1ms landing=9981.6ms 
concurrent scale=500 toggle=on c=10 perf-user-22 #3: logged_in post=8845.6ms landing=10806.5ms 
concurrent scale=500 toggle=on c=10 perf-user-24 #3: logged_in post=9781.2ms landing=10848.9ms 
concurrent scale=500 toggle=on c=10 perf-user-25 #3: logged_in post=7156.2ms landing=8165.3ms 
[13:49:18] cell scale500-on done: 976 gateway login log lines, restarts=1 1
[13:49:20] === scale 1500: ensuring mappers
  create maps: 250/1000
  create maps: 500/1000
  create maps: 750/1000
  create maps: 1000/1000
create maps: ok=1000 failed=0
team maps now: 1500
[13:55:26] === cell scale1500-off: setting toggle
  revoke=False: 250/1500
  revoke=False: 500/1500
  revoke=False: 750/1500
  revoke=False: 1000/1500
  revoke=False: 1250/1500
  revoke=False: 1500/1500
revoke=False: ok=1500 failed=0
first scale=1500 toggle=off c=1 perf-match-few #0: logged_in post=1400.9ms landing=2477.4ms 
first scale=1500 toggle=off c=1 perf-match-many #0: logged_in post=2366.7ms landing=3397.8ms 
first scale=1500 toggle=off c=1 perf-nomatch #0: logged_in post=1604.5ms landing=2644.2ms 
steady scale=1500 toggle=off c=1 perf-match-few #0: logged_in post=1574.7ms landing=2667.2ms 
steady scale=1500 toggle=off c=1 perf-match-many #0: logged_in post=2298.2ms landing=3235.1ms 
steady scale=1500 toggle=off c=1 perf-nomatch #0: logged_in post=1658.7ms landing=2792.3ms 
steady scale=1500 toggle=off c=1 perf-match-few #1: logged_in post=1553.7ms landing=2611.4ms 
steady scale=1500 toggle=off c=1 perf-match-many #1: logged_in post=2243.8ms landing=3164.1ms 
steady scale=1500 toggle=off c=1 perf-nomatch #1: logged_in post=1384.6ms landing=2404.5ms 
steady scale=1500 toggle=off c=1 perf-match-few #2: logged_in post=1463.6ms landing=2440.7ms 
steady scale=1500 toggle=off c=1 perf-match-many #2: logged_in post=2671.5ms landing=3694.0ms 
steady scale=1500 toggle=off c=1 perf-nomatch #2: logged_in post=1511.9ms landing=2584.6ms 
steady scale=1500 toggle=off c=1 perf-match-few #3: logged_in post=1538.4ms landing=2494.1ms 
steady scale=1500 toggle=off c=1 perf-match-many #3: logged_in post=2421.3ms landing=3478.6ms 
steady scale=1500 toggle=off c=1 perf-nomatch #3: logged_in post=1553.7ms landing=2624.6ms 
steady scale=1500 toggle=off c=1 perf-match-few #4: logged_in post=1466.7ms landing=2539.5ms 
steady scale=1500 toggle=off c=1 perf-match-many #4: logged_in post=2226.9ms landing=3232.9ms 
steady scale=1500 toggle=off c=1 perf-nomatch #4: logged_in post=1505.0ms landing=2592.5ms 
steady scale=1500 toggle=off c=1 perf-match-few #5: logged_in post=1510.8ms landing=2493.0ms 
steady scale=1500 toggle=off c=1 perf-match-many #5: logged_in post=2319.0ms landing=3294.4ms 
steady scale=1500 toggle=off c=1 perf-nomatch #5: logged_in post=1383.9ms landing=2439.7ms 
steady scale=1500 toggle=off c=1 perf-match-few #6: logged_in post=1391.3ms landing=2398.3ms 
steady scale=1500 toggle=off c=1 perf-match-many #6: logged_in post=2422.1ms landing=3349.2ms 
steady scale=1500 toggle=off c=1 perf-nomatch #6: logged_in post=1375.4ms landing=2371.0ms 
steady scale=1500 toggle=off c=1 perf-match-few #7: logged_in post=1393.0ms landing=2397.1ms 
steady scale=1500 toggle=off c=1 perf-match-many #7: logged_in post=2581.5ms landing=3581.3ms 
steady scale=1500 toggle=off c=1 perf-nomatch #7: logged_in post=1460.5ms landing=2514.1ms 
steady scale=1500 toggle=off c=1 perf-match-few #8: logged_in post=1468.6ms landing=2437.0ms 
steady scale=1500 toggle=off c=1 perf-match-many #8: logged_in post=2323.3ms landing=3256.2ms 
steady scale=1500 toggle=off c=1 perf-nomatch #8: logged_in post=1433.5ms landing=2490.7ms 
steady scale=1500 toggle=off c=1 perf-match-few #9: logged_in post=1440.2ms landing=2348.8ms 
steady scale=1500 toggle=off c=1 perf-match-many #9: logged_in post=2351.6ms landing=3400.6ms 
steady scale=1500 toggle=off c=1 perf-nomatch #9: logged_in post=1605.9ms landing=2677.0ms 
steady scale=1500 toggle=off c=1 perf-match-few #10: logged_in post=1773.7ms landing=2841.1ms 
steady scale=1500 toggle=off c=1 perf-match-many #10: logged_in post=3031.9ms landing=4048.4ms 
steady scale=1500 toggle=off c=1 perf-nomatch #10: logged_in post=1397.5ms landing=2426.7ms 
steady scale=1500 toggle=off c=1 perf-match-few #11: logged_in post=1519.9ms landing=2410.8ms 
steady scale=1500 toggle=off c=1 perf-match-many #11: logged_in post=2278.4ms landing=3279.6ms 
steady scale=1500 toggle=off c=1 perf-nomatch #11: logged_in post=1662.3ms landing=2711.5ms 
steady scale=1500 toggle=off c=1 perf-match-few #12: logged_in post=1693.8ms landing=2787.7ms 
steady scale=1500 toggle=off c=1 perf-match-many #12: logged_in post=2429.0ms landing=3452.8ms 
steady scale=1500 toggle=off c=1 perf-nomatch #12: logged_in post=1387.1ms landing=2435.9ms 
steady scale=1500 toggle=off c=1 perf-match-few #13: logged_in post=1497.8ms landing=2440.0ms 
steady scale=1500 toggle=off c=1 perf-match-many #13: logged_in post=2425.3ms landing=3446.1ms 
steady scale=1500 toggle=off c=1 perf-nomatch #13: logged_in post=1381.1ms landing=2409.1ms 
steady scale=1500 toggle=off c=1 perf-match-few #14: logged_in post=1641.9ms landing=2689.1ms 
steady scale=1500 toggle=off c=1 perf-match-many #14: logged_in post=2595.0ms landing=3557.2ms 
steady scale=1500 toggle=off c=1 perf-nomatch #14: logged_in post=1767.1ms landing=2929.7ms 
steady scale=1500 toggle=off c=1 perf-match-few #15: logged_in post=1432.7ms landing=2393.1ms 
steady scale=1500 toggle=off c=1 perf-match-many #15: logged_in post=2287.2ms landing=3252.0ms 
steady scale=1500 toggle=off c=1 perf-nomatch #15: logged_in post=1475.9ms landing=2489.3ms 
steady scale=1500 toggle=off c=1 perf-match-few #16: logged_in post=1437.0ms landing=2589.0ms 
steady scale=1500 toggle=off c=1 perf-match-many #16: logged_in post=2289.7ms landing=3332.7ms 
steady scale=1500 toggle=off c=1 perf-nomatch #16: logged_in post=1419.0ms landing=2454.9ms 
steady scale=1500 toggle=off c=1 perf-match-few #17: logged_in post=1484.5ms landing=2455.2ms 
steady scale=1500 toggle=off c=1 perf-match-many #17: logged_in post=2622.8ms landing=3723.4ms 
steady scale=1500 toggle=off c=1 perf-nomatch #17: logged_in post=1850.5ms landing=2881.5ms 
steady scale=1500 toggle=off c=1 perf-match-few #18: logged_in post=1427.6ms landing=2360.2ms 
steady scale=1500 toggle=off c=1 perf-match-many #18: logged_in post=2356.3ms landing=3332.0ms 
steady scale=1500 toggle=off c=1 perf-nomatch #18: logged_in post=1333.7ms landing=2331.2ms 
steady scale=1500 toggle=off c=1 perf-match-few #19: logged_in post=1541.1ms landing=2717.5ms 
steady scale=1500 toggle=off c=1 perf-match-many #19: logged_in post=2363.5ms landing=3397.7ms 
steady scale=1500 toggle=off c=1 perf-nomatch #19: logged_in post=1430.8ms landing=2497.4ms 
pool-first scale=1500 toggle=off c=1 perf-user-01 #0: logged_in post=1490.5ms landing=2556.9ms 
pool-first scale=1500 toggle=off c=1 perf-user-02 #0: logged_in post=1447.0ms landing=2449.0ms 
pool-first scale=1500 toggle=off c=1 perf-user-03 #0: logged_in post=1579.9ms landing=2627.6ms 
pool-first scale=1500 toggle=off c=1 perf-user-04 #0: logged_in post=1600.1ms landing=2595.6ms 
pool-first scale=1500 toggle=off c=1 perf-user-05 #0: logged_in post=1833.8ms landing=2946.5ms 
pool-first scale=1500 toggle=off c=1 perf-user-06 #0: logged_in post=1675.5ms landing=2716.9ms 
pool-first scale=1500 toggle=off c=1 perf-user-07 #0: logged_in post=1500.4ms landing=2571.9ms 
pool-first scale=1500 toggle=off c=1 perf-user-08 #0: logged_in post=1536.9ms landing=2488.8ms 
pool-first scale=1500 toggle=off c=1 perf-user-09 #0: logged_in post=2804.9ms landing=3773.0ms 
pool-first scale=1500 toggle=off c=1 perf-user-10 #0: logged_in post=3391.3ms landing=4374.6ms 
pool-first scale=1500 toggle=off c=1 perf-user-11 #0: logged_in post=3390.6ms landing=4309.4ms 
pool-first scale=1500 toggle=off c=1 perf-user-12 #0: logged_in post=3374.1ms landing=4457.4ms 
pool-first scale=1500 toggle=off c=1 perf-user-13 #0: logged_in post=3848.4ms landing=4884.8ms 
pool-first scale=1500 toggle=off c=1 perf-user-14 #0: logged_in post=3701.3ms landing=4687.3ms 
pool-first scale=1500 toggle=off c=1 perf-user-15 #0: logged_in post=3721.4ms landing=4708.9ms 
pool-first scale=1500 toggle=off c=1 perf-user-16 #0: logged_in post=3070.1ms landing=4058.7ms 
pool-first scale=1500 toggle=off c=1 perf-user-17 #0: logged_in post=3722.0ms landing=4732.2ms 
pool-first scale=1500 toggle=off c=1 perf-user-18 #0: logged_in post=3781.7ms landing=4808.0ms 
pool-first scale=1500 toggle=off c=1 perf-user-19 #0: logged_in post=3433.6ms landing=4460.8ms 
pool-first scale=1500 toggle=off c=1 perf-user-20 #0: logged_in post=3753.9ms landing=4818.2ms 
pool-first scale=1500 toggle=off c=1 perf-user-21 #0: logged_in post=3523.4ms landing=4550.1ms 
pool-first scale=1500 toggle=off c=1 perf-user-22 #0: logged_in post=4056.7ms landing=5026.5ms 
pool-first scale=1500 toggle=off c=1 perf-user-23 #0: logged_in post=3780.9ms landing=4795.0ms 
pool-first scale=1500 toggle=off c=1 perf-user-24 #0: logged_in post=3665.9ms landing=4708.8ms 
pool-first scale=1500 toggle=off c=1 perf-user-25 #0: logged_in post=3724.4ms landing=4743.8ms 
concurrent scale=1500 toggle=off c=10 perf-user-01 #0: logged_in post=1927.2ms landing=5813.5ms 
concurrent scale=1500 toggle=off c=10 perf-user-02 #0: logged_in post=2226.9ms landing=5787.4ms 
concurrent scale=1500 toggle=off c=10 perf-user-06 #0: logged_in post=2192.1ms landing=6269.6ms 
concurrent scale=1500 toggle=off c=10 perf-user-04 #0: logged_in post=2310.7ms landing=7221.0ms 
concurrent scale=1500 toggle=off c=10 perf-user-08 #0: logged_in post=2426.9ms landing=7894.1ms 
concurrent scale=1500 toggle=off c=10 perf-user-10 #0: logged_in post=3164.9ms landing=7667.2ms 
concurrent scale=1500 toggle=off c=10 perf-user-03 #0: logged_in post=4385.5ms landing=8271.6ms 
concurrent scale=1500 toggle=off c=10 perf-user-07 #0: logged_in post=4588.9ms landing=8132.1ms 
concurrent scale=1500 toggle=off c=10 perf-user-09 #0: logged_in post=4297.5ms landing=8420.1ms 
concurrent scale=1500 toggle=off c=10 perf-user-05 #0: logged_in post=4602.7ms landing=8560.8ms 
concurrent scale=1500 toggle=off c=10 perf-user-12 #0: logged_in post=2507.1ms landing=5030.4ms 
concurrent scale=1500 toggle=off c=10 perf-user-11 #0: logged_in post=2801.1ms landing=5303.8ms 
concurrent scale=1500 toggle=off c=10 perf-user-13 #0: logged_in post=2657.6ms landing=5150.9ms 
concurrent scale=1500 toggle=off c=10 perf-user-14 #0: logged_in post=2343.6ms landing=4883.4ms 
concurrent scale=1500 toggle=off c=10 perf-user-16 #0: logged_in post=1685.7ms landing=4676.1ms 
concurrent scale=1500 toggle=off c=10 perf-user-15 #0: logged_in post=2051.3ms landing=5574.1ms 
concurrent scale=1500 toggle=off c=10 perf-user-17 #0: logged_in post=2698.5ms landing=6158.8ms 
concurrent scale=1500 toggle=off c=10 perf-user-18 #0: logged_in post=2791.7ms landing=6397.4ms 
concurrent scale=1500 toggle=off c=10 perf-user-20 #0: logged_in post=3063.7ms landing=5560.9ms 
concurrent scale=1500 toggle=off c=10 perf-user-19 #0: logged_in post=2960.1ms landing=5809.9ms 
concurrent scale=1500 toggle=off c=10 perf-user-21 #0: logged_in post=2649.6ms landing=5066.7ms 
concurrent scale=1500 toggle=off c=10 perf-user-22 #0: logged_in post=2540.3ms landing=5972.6ms 
concurrent scale=1500 toggle=off c=10 perf-user-23 #0: logged_in post=2683.4ms landing=6152.1ms 
concurrent scale=1500 toggle=off c=10 perf-user-24 #0: logged_in post=2573.4ms landing=6049.1ms 
concurrent scale=1500 toggle=off c=10 perf-user-25 #0: logged_in post=2544.0ms landing=6126.2ms 
concurrent scale=1500 toggle=off c=10 perf-user-01 #1: logged_in post=2848.4ms landing=6296.9ms 
concurrent scale=1500 toggle=off c=10 perf-user-02 #1: logged_in post=2826.4ms landing=5685.9ms 
concurrent scale=1500 toggle=off c=10 perf-user-05 #1: logged_in post=2894.2ms landing=5761.3ms 
concurrent scale=1500 toggle=off c=10 perf-user-04 #1: logged_in post=2911.0ms landing=5806.0ms 
concurrent scale=1500 toggle=off c=10 perf-user-03 #1: logged_in post=3020.8ms landing=6028.6ms 
concurrent scale=1500 toggle=off c=10 perf-user-06 #1: logged_in post=3311.5ms landing=5216.8ms 
concurrent scale=1500 toggle=off c=10 perf-user-07 #1: logged_in post=2349.8ms landing=4211.9ms 
concurrent scale=1500 toggle=off c=10 perf-user-08 #1: logged_in post=2060.9ms landing=5957.8ms 
concurrent scale=1500 toggle=off c=10 perf-user-10 #1: logged_in post=2759.6ms landing=7893.8ms 
concurrent scale=1500 toggle=off c=10 perf-user-09 #1: logged_in post=2705.8ms landing=8223.0ms 
concurrent scale=1500 toggle=off c=10 perf-user-12 #1: logged_in post=3031.7ms landing=6144.6ms 
concurrent scale=1500 toggle=off c=10 perf-user-15 #1: logged_in post=2965.7ms landing=5906.6ms 
concurrent scale=1500 toggle=off c=10 perf-user-11 #1: logged_in post=3175.3ms landing=6256.0ms 
concurrent scale=1500 toggle=off c=10 perf-user-14 #1: logged_in post=2861.8ms landing=6229.5ms 
concurrent scale=1500 toggle=off c=10 perf-user-13 #1: logged_in post=3027.2ms landing=6468.8ms 
concurrent scale=1500 toggle=off c=10 perf-user-16 #1: logged_in post=2975.8ms landing=5325.5ms 
concurrent scale=1500 toggle=off c=10 perf-user-17 #1: logged_in post=2870.6ms landing=5910.6ms 
concurrent scale=1500 toggle=off c=10 perf-user-18 #1: logged_in post=2228.8ms landing=5189.5ms 
concurrent scale=1500 toggle=off c=10 perf-user-19 #1: logged_in post=2367.9ms landing=5318.1ms 
concurrent scale=1500 toggle=off c=10 perf-user-20 #1: logged_in post=3117.1ms landing=5979.8ms 
concurrent scale=1500 toggle=off c=10 perf-user-22 #1: logged_in post=2996.3ms landing=5962.0ms 
concurrent scale=1500 toggle=off c=10 perf-user-21 #1: logged_in post=2981.5ms landing=5886.8ms 
concurrent scale=1500 toggle=off c=10 perf-user-23 #1: logged_in post=2987.7ms landing=6527.8ms 
concurrent scale=1500 toggle=off c=10 perf-user-24 #1: logged_in post=3701.5ms landing=7088.6ms 
concurrent scale=1500 toggle=off c=10 perf-user-25 #1: logged_in post=4401.5ms landing=7324.3ms 
concurrent scale=1500 toggle=off c=10 perf-user-01 #2: logged_in post=3076.3ms landing=6508.5ms 
concurrent scale=1500 toggle=off c=10 perf-user-03 #2: logged_in post=2958.6ms landing=5957.2ms 
concurrent scale=1500 toggle=off c=10 perf-user-02 #2: logged_in post=3006.7ms landing=6578.3ms 
concurrent scale=1500 toggle=off c=10 perf-user-04 #2: logged_in post=2901.8ms landing=6803.2ms 
concurrent scale=1500 toggle=off c=10 perf-user-05 #2: logged_in post=2843.0ms landing=5758.7ms 
concurrent scale=1500 toggle=off c=10 perf-user-06 #2: logged_in post=2859.8ms landing=5720.9ms 
concurrent scale=1500 toggle=off c=10 perf-user-08 #2: logged_in post=2760.0ms landing=5711.4ms 
concurrent scale=1500 toggle=off c=10 perf-user-07 #2: logged_in post=2817.1ms landing=6441.4ms 
concurrent scale=1500 toggle=off c=10 perf-user-10 #2: logged_in post=3439.8ms landing=6798.2ms 
concurrent scale=1500 toggle=off c=10 perf-user-09 #2: logged_in post=4139.9ms landing=7992.3ms 
concurrent scale=1500 toggle=off c=10 perf-user-13 #2: logged_in post=3357.0ms landing=6325.2ms 
concurrent scale=1500 toggle=off c=10 perf-user-11 #2: logged_in post=3526.8ms landing=7017.8ms 
concurrent scale=1500 toggle=off c=10 perf-user-12 #2: logged_in post=3444.3ms landing=7847.8ms 
concurrent scale=1500 toggle=off c=10 perf-user-14 #2: logged_in post=3591.5ms landing=7073.5ms 
concurrent scale=1500 toggle=off c=10 perf-user-15 #2: logged_in post=4051.9ms landing=7088.5ms 
concurrent scale=1500 toggle=off c=10 perf-user-17 #2: logged_in post=4158.1ms landing=7193.0ms 
concurrent scale=1500 toggle=off c=10 perf-user-16 #2: logged_in post=4231.3ms landing=7228.9ms 
concurrent scale=1500 toggle=off c=10 perf-user-18 #2: logged_in post=5204.3ms landing=8125.5ms 
concurrent scale=1500 toggle=off c=10 perf-user-20 #2: logged_in post=3116.8ms landing=6126.1ms 
concurrent scale=1500 toggle=off c=10 perf-user-19 #2: logged_in post=3161.6ms landing=6175.6ms 
concurrent scale=1500 toggle=off c=10 perf-user-21 #2: logged_in post=3459.9ms landing=6533.7ms 
concurrent scale=1500 toggle=off c=10 perf-user-22 #2: logged_in post=2568.8ms landing=5604.7ms 
concurrent scale=1500 toggle=off c=10 perf-user-23 #2: logged_in post=3817.3ms landing=6770.1ms 
concurrent scale=1500 toggle=off c=10 perf-user-02 #3: logged_in post=2760.8ms landing=5654.4ms 
concurrent scale=1500 toggle=off c=10 perf-user-24 #2: logged_in post=2878.3ms landing=5908.5ms 
concurrent scale=1500 toggle=off c=10 perf-user-25 #2: logged_in post=2936.8ms landing=5926.7ms 
concurrent scale=1500 toggle=off c=10 perf-user-01 #3: logged_in post=3010.7ms landing=5881.8ms 
concurrent scale=1500 toggle=off c=10 perf-user-03 #3: logged_in post=3954.6ms landing=7087.4ms 
concurrent scale=1500 toggle=off c=10 perf-user-04 #3: logged_in post=3134.4ms landing=6556.7ms 
concurrent scale=1500 toggle=off c=10 perf-user-06 #3: logged_in post=2985.1ms landing=6513.2ms 
concurrent scale=1500 toggle=off c=10 perf-user-07 #3: logged_in post=3270.2ms landing=6418.1ms 
concurrent scale=1500 toggle=off c=10 perf-user-05 #3: logged_in post=3124.6ms landing=6644.3ms 
concurrent scale=1500 toggle=off c=10 perf-user-08 #3: logged_in post=3103.6ms landing=6991.3ms 
concurrent scale=1500 toggle=off c=10 perf-user-10 #3: logged_in post=3138.2ms landing=6067.7ms 
concurrent scale=1500 toggle=off c=10 perf-user-09 #3: logged_in post=3319.6ms landing=6326.7ms 
concurrent scale=1500 toggle=off c=10 perf-user-11 #3: logged_in post=3128.5ms landing=6504.0ms 
concurrent scale=1500 toggle=off c=10 perf-user-12 #3: logged_in post=3247.8ms landing=6770.8ms 
concurrent scale=1500 toggle=off c=10 perf-user-13 #3: logged_in post=3429.9ms landing=6796.6ms 
concurrent scale=1500 toggle=off c=10 perf-user-14 #3: logged_in post=2836.3ms landing=5419.2ms 
concurrent scale=1500 toggle=off c=10 perf-user-17 #3: logged_in post=2954.4ms landing=5372.8ms 
concurrent scale=1500 toggle=off c=10 perf-user-15 #3: logged_in post=2867.8ms landing=5304.4ms 
concurrent scale=1500 toggle=off c=10 perf-user-16 #3: logged_in post=2939.3ms landing=6523.8ms 
concurrent scale=1500 toggle=off c=10 perf-user-18 #3: logged_in post=2895.0ms landing=5396.5ms 
concurrent scale=1500 toggle=off c=10 perf-user-20 #3: logged_in post=2952.0ms landing=5445.2ms 
concurrent scale=1500 toggle=off c=10 perf-user-19 #3: logged_in post=3158.6ms landing=5758.4ms 
concurrent scale=1500 toggle=off c=10 perf-user-21 #3: logged_in post=2772.7ms landing=5183.8ms 
concurrent scale=1500 toggle=off c=10 perf-user-22 #3: logged_in post=2811.3ms landing=4918.3ms 
concurrent scale=1500 toggle=off c=10 perf-user-23 #3: logged_in post=2696.9ms landing=4194.3ms 
concurrent scale=1500 toggle=off c=10 perf-user-24 #3: logged_in post=2542.9ms landing=4017.3ms 
concurrent scale=1500 toggle=off c=10 perf-user-25 #3: logged_in post=2736.6ms landing=4256.3ms 
[14:12:29] cell scale1500-off done: 1493 gateway login log lines, restarts=1 1
[14:12:30] === cell scale1500-on: setting toggle
  revoke=True: 250/1500
  revoke=True: 500/1500
  revoke=True: 750/1500
  revoke=True: 1000/1500
  revoke=True: 1250/1500
  revoke=True: 1500/1500
revoke=True: ok=1500 failed=0
first scale=1500 toggle=on c=1 perf-match-few #0: logged_in post=6682.7ms landing=7898.3ms 
first scale=1500 toggle=on c=1 perf-match-many #0: logged_in post=6692.8ms landing=7688.3ms 
first scale=1500 toggle=on c=1 perf-nomatch #0: logged_in post=7916.2ms landing=9086.7ms 
steady scale=1500 toggle=on c=1 perf-match-few #0: logged_in post=6859.9ms landing=7910.6ms 
steady scale=1500 toggle=on c=1 perf-match-many #0: logged_in post=7624.3ms landing=8669.3ms 
steady scale=1500 toggle=on c=1 perf-nomatch #0: logged_in post=7184.3ms landing=8341.0ms 
steady scale=1500 toggle=on c=1 perf-match-few #1: logged_in post=6691.9ms landing=7669.3ms 
steady scale=1500 toggle=on c=1 perf-match-many #1: logged_in post=6865.4ms landing=7840.2ms 
steady scale=1500 toggle=on c=1 perf-nomatch #1: http_503 post=10272.3ms landing=Nonems 
steady scale=1500 toggle=on c=1 perf-match-few #2: logged_in post=7366.4ms landing=8449.8ms 
steady scale=1500 toggle=on c=1 perf-match-many #2: logged_in post=7445.1ms landing=8478.7ms 
steady scale=1500 toggle=on c=1 perf-nomatch #2: logged_in post=6882.0ms landing=8293.8ms 
steady scale=1500 toggle=on c=1 perf-match-few #3: logged_in post=7416.8ms landing=8419.6ms 
steady scale=1500 toggle=on c=1 perf-match-many #3: logged_in post=6705.5ms landing=7633.5ms 
steady scale=1500 toggle=on c=1 perf-nomatch #3: logged_in post=7025.5ms landing=8143.8ms 
steady scale=1500 toggle=on c=1 perf-match-few #4: logged_in post=6643.1ms landing=7629.1ms 
steady scale=1500 toggle=on c=1 perf-match-many #4: logged_in post=7339.0ms landing=8366.3ms 
steady scale=1500 toggle=on c=1 perf-nomatch #4: logged_in post=7449.5ms landing=8575.2ms 
steady scale=1500 toggle=on c=1 perf-match-few #5: logged_in post=7313.5ms landing=8304.9ms 
steady scale=1500 toggle=on c=1 perf-match-many #5: logged_in post=7015.6ms landing=8018.6ms 
steady scale=1500 toggle=on c=1 perf-nomatch #5: logged_in post=7617.0ms landing=8706.9ms 
steady scale=1500 toggle=on c=1 perf-match-few #6: logged_in post=7598.9ms landing=8802.0ms 
steady scale=1500 toggle=on c=1 perf-match-many #6: logged_in post=6786.8ms landing=7796.9ms 
steady scale=1500 toggle=on c=1 perf-nomatch #6: logged_in post=6522.0ms landing=7521.5ms 
steady scale=1500 toggle=on c=1 perf-match-few #7: logged_in post=7049.2ms landing=8052.7ms 
steady scale=1500 toggle=on c=1 perf-match-many #7: logged_in post=7138.9ms landing=8083.0ms 
steady scale=1500 toggle=on c=1 perf-nomatch #7: logged_in post=5807.7ms landing=6832.9ms 
steady scale=1500 toggle=on c=1 perf-match-few #8: logged_in post=7013.5ms landing=8007.1ms 
steady scale=1500 toggle=on c=1 perf-match-many #8: logged_in post=6956.0ms landing=7984.9ms 
steady scale=1500 toggle=on c=1 perf-nomatch #8: logged_in post=6410.3ms landing=7494.3ms 
steady scale=1500 toggle=on c=1 perf-match-few #9: logged_in post=7188.5ms landing=8208.8ms 
steady scale=1500 toggle=on c=1 perf-match-many #9: logged_in post=7171.1ms landing=8113.8ms 
steady scale=1500 toggle=on c=1 perf-nomatch #9: logged_in post=8465.4ms landing=9585.2ms 
steady scale=1500 toggle=on c=1 perf-match-few #10: logged_in post=7272.9ms landing=8293.4ms 
steady scale=1500 toggle=on c=1 perf-match-many #10: logged_in post=7043.0ms landing=8049.5ms 
steady scale=1500 toggle=on c=1 perf-nomatch #10: logged_in post=6486.8ms landing=7562.0ms 
steady scale=1500 toggle=on c=1 perf-match-few #11: logged_in post=6564.8ms landing=7617.2ms 
steady scale=1500 toggle=on c=1 perf-match-many #11: logged_in post=7962.4ms landing=8999.9ms 
steady scale=1500 toggle=on c=1 perf-nomatch #11: logged_in post=6729.7ms landing=7807.6ms 
steady scale=1500 toggle=on c=1 perf-match-few #12: logged_in post=6115.2ms landing=7499.4ms 
steady scale=1500 toggle=on c=1 perf-match-many #12: http_503 post=10085.1ms landing=Nonems 
steady scale=1500 toggle=on c=1 perf-nomatch #12: logged_in post=6984.7ms landing=8577.0ms 
steady scale=1500 toggle=on c=1 perf-match-few #13: logged_in post=7859.8ms landing=8887.5ms 
steady scale=1500 toggle=on c=1 perf-match-many #13: logged_in post=8264.1ms landing=9318.7ms 
steady scale=1500 toggle=on c=1 perf-nomatch #13: logged_in post=6815.0ms landing=7911.0ms 
steady scale=1500 toggle=on c=1 perf-match-few #14: logged_in post=6214.8ms landing=7334.9ms 
steady scale=1500 toggle=on c=1 perf-match-many #14: logged_in post=6986.5ms landing=8068.4ms 
steady scale=1500 toggle=on c=1 perf-nomatch #14: logged_in post=7139.5ms landing=8196.4ms 
steady scale=1500 toggle=on c=1 perf-match-few #15: logged_in post=6544.2ms landing=7609.3ms 
steady scale=1500 toggle=on c=1 perf-match-many #15: logged_in post=7429.6ms landing=8462.5ms 
steady scale=1500 toggle=on c=1 perf-nomatch #15: logged_in post=7272.3ms landing=8295.9ms 
steady scale=1500 toggle=on c=1 perf-match-few #16: logged_in post=6553.1ms landing=7511.2ms 
steady scale=1500 toggle=on c=1 perf-match-many #16: logged_in post=7670.7ms landing=8675.2ms 
steady scale=1500 toggle=on c=1 perf-nomatch #16: logged_in post=7442.2ms landing=8530.5ms 
steady scale=1500 toggle=on c=1 perf-match-few #17: logged_in post=7354.4ms landing=8410.6ms 
steady scale=1500 toggle=on c=1 perf-match-many #17: logged_in post=9129.2ms landing=10263.0ms 
steady scale=1500 toggle=on c=1 perf-nomatch #17: logged_in post=9028.7ms landing=10001.9ms 
steady scale=1500 toggle=on c=1 perf-match-few #18: logged_in post=6097.2ms landing=7069.8ms 
steady scale=1500 toggle=on c=1 perf-match-many #18: logged_in post=6990.0ms landing=8033.5ms 
steady scale=1500 toggle=on c=1 perf-nomatch #18: logged_in post=7556.5ms landing=8604.5ms 
steady scale=1500 toggle=on c=1 perf-match-few #19: logged_in post=6766.3ms landing=7791.7ms 
steady scale=1500 toggle=on c=1 perf-match-many #19: logged_in post=7008.1ms landing=8080.7ms 
steady scale=1500 toggle=on c=1 perf-nomatch #19: logged_in post=7529.5ms landing=8593.7ms 
pool-first scale=1500 toggle=on c=1 perf-user-01 #0: logged_in post=6404.4ms landing=7453.0ms 
pool-first scale=1500 toggle=on c=1 perf-user-02 #0: logged_in post=5974.2ms landing=7006.2ms 
pool-first scale=1500 toggle=on c=1 perf-user-03 #0: logged_in post=6784.0ms landing=7767.8ms 
pool-first scale=1500 toggle=on c=1 perf-user-04 #0: logged_in post=6224.8ms landing=7293.4ms 
pool-first scale=1500 toggle=on c=1 perf-user-05 #0: logged_in post=6527.6ms landing=7585.4ms 
pool-first scale=1500 toggle=on c=1 perf-user-06 #0: logged_in post=6552.8ms landing=7595.8ms 
pool-first scale=1500 toggle=on c=1 perf-user-07 #0: logged_in post=7081.9ms landing=8137.1ms 
pool-first scale=1500 toggle=on c=1 perf-user-08 #0: logged_in post=6791.8ms landing=7741.9ms 
pool-first scale=1500 toggle=on c=1 perf-user-09 #0: logged_in post=7358.9ms landing=8395.5ms 
pool-first scale=1500 toggle=on c=1 perf-user-10 #0: logged_in post=8217.0ms landing=9311.8ms 
pool-first scale=1500 toggle=on c=1 perf-user-11 #0: logged_in post=6844.6ms landing=7883.2ms 
pool-first scale=1500 toggle=on c=1 perf-user-12 #0: logged_in post=7058.9ms landing=8100.5ms 
pool-first scale=1500 toggle=on c=1 perf-user-13 #0: logged_in post=7972.3ms landing=9044.6ms 
pool-first scale=1500 toggle=on c=1 perf-user-14 #0: logged_in post=6981.4ms landing=7999.7ms 
pool-first scale=1500 toggle=on c=1 perf-user-15 #0: logged_in post=5985.1ms landing=7028.7ms 
pool-first scale=1500 toggle=on c=1 perf-user-16 #0: logged_in post=7558.7ms landing=8609.5ms 
pool-first scale=1500 toggle=on c=1 perf-user-17 #0: logged_in post=6221.7ms landing=7250.7ms 
pool-first scale=1500 toggle=on c=1 perf-user-18 #0: logged_in post=6324.5ms landing=7371.8ms 
pool-first scale=1500 toggle=on c=1 perf-user-19 #0: logged_in post=6591.1ms landing=7659.3ms 
pool-first scale=1500 toggle=on c=1 perf-user-20 #0: logged_in post=7157.6ms landing=8190.2ms 
pool-first scale=1500 toggle=on c=1 perf-user-21 #0: logged_in post=6917.1ms landing=7971.4ms 
pool-first scale=1500 toggle=on c=1 perf-user-22 #0: logged_in post=6703.7ms landing=7773.1ms 
pool-first scale=1500 toggle=on c=1 perf-user-23 #0: logged_in post=6433.1ms landing=7511.9ms 
pool-first scale=1500 toggle=on c=1 perf-user-24 #0: logged_in post=6966.8ms landing=8041.0ms 
pool-first scale=1500 toggle=on c=1 perf-user-25 #0: logged_in post=6552.3ms landing=7597.1ms 
concurrent scale=1500 toggle=on c=10 perf-user-02 #0: logged_in post=8837.9ms landing=19650.5ms 
concurrent scale=1500 toggle=on c=10 perf-user-05 #0: logged_in post=8530.6ms landing=19789.1ms 
concurrent scale=1500 toggle=on c=10 perf-user-07 #0: logged_in post=8810.0ms landing=19901.1ms 
concurrent scale=1500 toggle=on c=10 perf-user-09 #0: logged_in post=8907.1ms landing=19979.4ms 
concurrent scale=1500 toggle=on c=10 perf-user-04 #0: logged_in post=16410.7ms landing=19806.4ms 
concurrent scale=1500 toggle=on c=10 perf-user-01 #0: logged_in post=8774.5ms landing=20024.4ms 
concurrent scale=1500 toggle=on c=10 perf-user-08 #0: logged_in post=16669.6ms landing=20216.0ms 
concurrent scale=1500 toggle=on c=10 perf-user-06 #0: logged_in post=16556.6ms landing=20471.3ms 
concurrent scale=1500 toggle=on c=10 perf-user-10 #0: logged_in post=16389.5ms landing=20044.6ms 
concurrent scale=1500 toggle=on c=10 perf-user-03 #0: logged_in post=16569.9ms landing=20506.2ms 
concurrent scale=1500 toggle=on c=10 perf-user-18 #0: logged_in post=8560.1ms landing=19248.5ms 
concurrent scale=1500 toggle=on c=10 perf-user-13 #0: logged_in post=8787.2ms landing=20306.3ms 
concurrent scale=1500 toggle=on c=10 perf-user-16 #0: logged_in post=8689.4ms landing=20195.7ms 
concurrent scale=1500 toggle=on c=10 perf-user-14 #0: logged_in post=8780.5ms landing=20381.3ms 
concurrent scale=1500 toggle=on c=10 perf-user-11 #0: logged_in post=11105.5ms landing=20619.4ms 
concurrent scale=1500 toggle=on c=10 perf-user-19 #0: logged_in post=16213.8ms landing=20211.5ms 
concurrent scale=1500 toggle=on c=10 perf-user-15 #0: logged_in post=16868.8ms landing=20999.9ms 
concurrent scale=1500 toggle=on c=10 perf-user-17 #0: logged_in post=16653.2ms landing=21184.1ms 
concurrent scale=1500 toggle=on c=10 perf-user-12 #0: logged_in post=16944.5ms landing=21575.4ms 
concurrent scale=1500 toggle=on c=10 perf-user-20 #0: logged_in post=19447.0ms landing=29513.6ms 
concurrent scale=1500 toggle=on c=10 perf-user-21 #0: logged_in post=8619.8ms landing=13252.9ms 
concurrent scale=1500 toggle=on c=10 perf-user-22 #0: logged_in post=7986.8ms landing=12524.8ms 
concurrent scale=1500 toggle=on c=10 perf-user-23 #0: logged_in post=8047.4ms landing=12667.4ms 
concurrent scale=1500 toggle=on c=10 perf-user-24 #0: logged_in post=7879.2ms landing=12924.8ms 
concurrent scale=1500 toggle=on c=10 perf-user-25 #0: logged_in post=8108.8ms landing=14097.4ms 
concurrent scale=1500 toggle=on c=10 perf-user-01 #1: logged_in post=17326.3ms landing=26966.1ms 
concurrent scale=1500 toggle=on c=10 perf-user-02 #1: logged_in post=17516.1ms landing=27113.7ms 
concurrent scale=1500 toggle=on c=10 perf-user-03 #1: logged_in post=10912.6ms landing=21349.9ms 
concurrent scale=1500 toggle=on c=10 perf-user-04 #1: logged_in post=10912.0ms landing=21613.8ms 
concurrent scale=1500 toggle=on c=10 perf-user-05 #1: logged_in post=10512.0ms landing=16531.2ms 
concurrent scale=1500 toggle=on c=10 perf-user-06 #1: logged_in post=11099.0ms landing=14985.4ms 
concurrent scale=1500 toggle=on c=10 perf-user-07 #1: logged_in post=11216.1ms landing=15176.4ms 
concurrent scale=1500 toggle=on c=10 perf-user-09 #1: logged_in post=11065.2ms landing=15056.9ms 
concurrent scale=1500 toggle=on c=10 perf-user-08 #1: logged_in post=11204.6ms landing=15642.0ms 
concurrent scale=1500 toggle=on c=10 perf-user-10 #1: http_504 post=16331.6ms landing=Nonems 
concurrent scale=1500 toggle=on c=10 perf-user-11 #1: logged_in post=9148.3ms landing=20757.7ms 
concurrent scale=1500 toggle=on c=10 perf-user-12 #1: logged_in post=9356.1ms landing=21437.4ms 
concurrent scale=1500 toggle=on c=10 perf-user-13 #1: logged_in post=9021.5ms landing=21084.5ms 
concurrent scale=1500 toggle=on c=10 perf-user-14 #1: logged_in post=8862.1ms landing=20867.8ms 
concurrent scale=1500 toggle=on c=10 perf-user-17 #1: logged_in post=16317.1ms landing=20732.3ms 
concurrent scale=1500 toggle=on c=10 perf-user-15 #1: logged_in post=16437.3ms landing=21009.0ms 
concurrent scale=1500 toggle=on c=10 perf-user-18 #1: logged_in post=16590.0ms landing=20999.0ms 
concurrent scale=1500 toggle=on c=10 perf-user-16 #1: logged_in post=16346.8ms landing=21330.2ms 
concurrent scale=1500 toggle=on c=10 perf-user-19 #1: logged_in post=12720.8ms landing=15634.1ms 
concurrent scale=1500 toggle=on c=10 perf-user-20 #1: logged_in post=18372.2ms landing=27318.2ms 
concurrent scale=1500 toggle=on c=10 perf-user-21 #1: logged_in post=8979.5ms landing=18030.8ms 
concurrent scale=1500 toggle=on c=10 perf-user-22 #1: logged_in post=8766.7ms landing=17204.8ms 
concurrent scale=1500 toggle=on c=10 perf-user-23 #1: logged_in post=8010.8ms landing=16415.2ms 
concurrent scale=1500 toggle=on c=10 perf-user-25 #1: logged_in post=8235.6ms landing=16836.2ms 
concurrent scale=1500 toggle=on c=10 perf-user-01 #2: logged_in post=12156.3ms landing=17700.1ms 
concurrent scale=1500 toggle=on c=10 perf-user-02 #2: logged_in post=14890.9ms landing=18282.0ms 
concurrent scale=1500 toggle=on c=10 perf-user-24 #1: logged_in post=14400.6ms landing=18415.2ms 
concurrent scale=1500 toggle=on c=10 perf-user-03 #2: logged_in post=15426.7ms landing=18431.1ms 
concurrent scale=1500 toggle=on c=10 perf-user-04 #2: http_503 post=15010.6ms landing=Nonems 
concurrent scale=1500 toggle=on c=10 perf-user-07 #2: http_504 post=15556.8ms landing=Nonems 
concurrent scale=1500 toggle=on c=10 perf-user-05 #2: logged_in post=10428.5ms landing=20956.1ms 
concurrent scale=1500 toggle=on c=10 perf-user-06 #2: logged_in post=9000.7ms landing=19023.0ms 
concurrent scale=1500 toggle=on c=10 perf-user-08 #2: logged_in post=9151.0ms landing=19743.5ms 
concurrent scale=1500 toggle=on c=10 perf-user-09 #2: logged_in post=10004.6ms landing=20497.4ms 
concurrent scale=1500 toggle=on c=10 perf-user-12 #2: logged_in post=9593.3ms landing=12680.3ms 
concurrent scale=1500 toggle=on c=10 perf-user-11 #2: logged_in post=9593.2ms landing=12712.6ms 
concurrent scale=1500 toggle=on c=10 perf-user-10 #2: logged_in post=9807.5ms landing=13415.9ms 
concurrent scale=1500 toggle=on c=10 perf-user-13 #2: logged_in post=9760.9ms landing=13277.5ms 
concurrent scale=1500 toggle=on c=10 perf-user-14 #2: http_504 post=15712.5ms landing=Nonems 
concurrent scale=1500 toggle=on c=10 perf-user-15 #2: logged_in post=10258.0ms landing=21856.1ms 
concurrent scale=1500 toggle=on c=10 perf-user-17 #2: logged_in post=9055.6ms landing=21229.2ms 
concurrent scale=1500 toggle=on c=10 perf-user-16 #2: logged_in post=9122.1ms landing=21142.5ms 
concurrent scale=1500 toggle=on c=10 perf-user-18 #2: logged_in post=9305.4ms landing=21390.1ms 
concurrent scale=1500 toggle=on c=10 perf-user-19 #2: logged_in post=13944.5ms landing=20353.8ms 
concurrent scale=1500 toggle=on c=10 perf-user-20 #2: logged_in post=10825.4ms landing=15340.1ms 
concurrent scale=1500 toggle=on c=10 perf-user-21 #2: logged_in post=10606.5ms landing=15668.5ms 
concurrent scale=1500 toggle=on c=10 perf-user-23 #2: logged_in post=11133.5ms landing=15236.1ms 
concurrent scale=1500 toggle=on c=10 perf-user-22 #2: logged_in post=11629.3ms landing=15713.7ms 
concurrent scale=1500 toggle=on c=10 perf-user-24 #2: http_504 post=16055.4ms landing=Nonems 
concurrent scale=1500 toggle=on c=10 perf-user-02 #3: http_504 post=15186.1ms landing=Nonems 
concurrent scale=1500 toggle=on c=10 perf-user-03 #3: logged_in post=8368.2ms landing=19063.5ms 
concurrent scale=1500 toggle=on c=10 perf-user-25 #2: logged_in post=9594.7ms landing=20676.3ms 
concurrent scale=1500 toggle=on c=10 perf-user-01 #3: logged_in post=8951.6ms landing=19553.1ms 
concurrent scale=1500 toggle=on c=10 perf-user-04 #3: logged_in post=8785.6ms landing=19470.9ms 
concurrent scale=1500 toggle=on c=10 perf-user-05 #3: logged_in post=17958.1ms landing=21579.9ms 
concurrent scale=1500 toggle=on c=10 perf-user-06 #3: logged_in post=17619.9ms landing=21234.3ms 
concurrent scale=1500 toggle=on c=10 perf-user-07 #3: logged_in post=10351.2ms landing=13261.2ms 
concurrent scale=1500 toggle=on c=10 perf-user-09 #3: http_503 post=15311.3ms landing=Nonems 
concurrent scale=1500 toggle=on c=10 perf-user-08 #3: http_504 post=15729.9ms landing=Nonems 
concurrent scale=1500 toggle=on c=10 perf-user-10 #3: logged_in post=10366.9ms landing=14873.9ms 
concurrent scale=1500 toggle=on c=10 perf-user-12 #3: logged_in post=9127.1ms landing=13252.7ms 
concurrent scale=1500 toggle=on c=10 perf-user-11 #3: logged_in post=9007.5ms landing=13422.8ms 
concurrent scale=1500 toggle=on c=10 perf-user-15 #3: http_504 post=15651.3ms landing=Nonems 
concurrent scale=1500 toggle=on c=10 perf-user-16 #3: http_504 post=15654.8ms landing=Nonems 
concurrent scale=1500 toggle=on c=10 perf-user-13 #3: logged_in post=16428.4ms landing=25603.3ms 
concurrent scale=1500 toggle=on c=10 perf-user-17 #3: logged_in post=8292.7ms landing=16833.1ms 
concurrent scale=1500 toggle=on c=10 perf-user-18 #3: logged_in post=8309.8ms landing=16790.2ms 
concurrent scale=1500 toggle=on c=10 perf-user-14 #3: logged_in post=16599.8ms landing=26114.7ms 
concurrent scale=1500 toggle=on c=10 perf-user-19 #3: logged_in post=11899.2ms landing=18880.4ms 
concurrent scale=1500 toggle=on c=10 perf-user-22 #3: logged_in post=10036.6ms landing=12006.9ms 
concurrent scale=1500 toggle=on c=10 perf-user-21 #3: logged_in post=10402.3ms landing=12381.7ms 
concurrent scale=1500 toggle=on c=10 perf-user-20 #3: logged_in post=11143.7ms landing=13068.1ms 
concurrent scale=1500 toggle=on c=10 perf-user-24 #3: logged_in post=8543.7ms landing=9750.9ms 
concurrent scale=1500 toggle=on c=10 perf-user-23 #3: logged_in post=8388.6ms landing=9859.9ms 
concurrent scale=1500 toggle=on c=10 perf-user-25 #3: logged_in post=9520.2ms landing=10491.7ms 
[14:39:36] cell scale1500-on done: 992 gateway login log lines, restarts=1 1
[14:39:37] === restoring toggle off
  revoke=False: 250/1500
  revoke=False: 500/1500
  revoke=False: 750/1500
  revoke=False: 1000/1500
  revoke=False: 1250/1500
  revoke=False: 1500/1500
revoke=False: ok=1500 failed=0
[14:48:24] done: 1128 login records in results/run1-20260929-1257/logins.jsonl
